,Fecha,Inflaciontotal,IPC,TasaPoliticaMonetaria,TasaDesempleo,TasaOcupacion,ConsumoFinaReal,PIB,IPP,MetaInflacion,TRM,BaseMonetaria,CuasidinerosTotal,DepositosSistemaFinanciero,M1,M2,M3,ReservaBancaria,TotalCarteraBrutaTitularizacionMonedaExtranjera,TotalCarteraBrutaTitularizacionMonedaLegal,CreditoConsumoTasaInteres,DTF,TasaInteresCeroCuponTES,TasaInteresCeroCuponUVR,TasaInteresColocacionBanRep,TIB
0,2008-04-30,0.5669835072306774,0.0,0.9696969696969697,0.2734913834752959,0.5726708816386816,0.0,0.0,0.0,0.5,0.027979364309436816,0.016481811253699352,0.002042219742310669,0.0016768804113465041,0.010956471455230432,0.0046336191244945035,0.0025423592252129534,0.017944612789581427,0.08750120257838459,0.0,1.0,0.9585365853658534,0.9397811820255196,0.9340619416481888,0.982905982905983,0.9552693063934401
1,2008-05-31,0.6561137271106359,0.016471717765126348,0.9696969696969697,0.2528613410885835,0.5631407709487934,0.0,0.0,0.027457710223093956,0.5,0.019094767286781722,0.0,0.0,0.0,0.0,0.0,0.0,0.006490271190894348,0.09696243337269753,0.0030667929508793046,0.9200680272108843,0.9341463414634146,0.9540724188450852,0.978264260965894,0.9358974358974361,0.9574173801331982
2,2008-06-30,0.7612694615360227,0.031856224621252816,0.9696969696969697,0.27655590122481744,0.46408895029576236,0.017849457778055244,0.0,0.05540573670017146,0.5,0.0,0.014665923070685982,0.0015776714214552068,0.0014488299075112732,0.015410883366272943,0.005593240485757767,0.0024380791873132024,0.0034950242401147746,0.12632605081962248,0.009689985186030203,1.0,0.9536585365853658,0.9808046938720637,0.8581408375916835,0.9294871794871795,0.9584004160902586
3,2008-07-31,0.8066438733374363,0.040530150117536135,0.9736070381231672,0.3397379496937323,0.5061996822162884,0.017849457778055244,0.0,0.12037264035302764,0.5,0.0217178192206382,0.011161388129580063,0.007891934523650335,0.0056773578327274365,0.020571788631139287,0.011596138745455564,0.006616513739407304,0.005585415149114814,0.10450728835158754,0.017060035471360424,0.9846938775510203,0.9365853658536583,0.9999999999999999,0.8612916590771013,0.9273504273504274,0.9751495418464002
4,2008-08-31,0.8534228586173725,0.043989700158009626,1.0,0.27963637246180717,0.4994377593861188,0.017849457778055244,0.0,0.11767590095611657,0.5,0.051307615192284994,0.006767383444052921,0.016740213707836293,0.01365209647350435,0.013189866662362881,0.015771942930283056,0.012531911503536386,0.0,0.1295775295998898,0.019688315655434774,0.9753401360544216,0.9792682926829268,0.9575065618687454,0.8683069649692186,0.949786324786325,0.9998291943545836
5,2008-09-30,0.8138807709743953,0.040532416625374657,1.0,0.2606731356067664,0.5313635268059307,0.035576447226327135,0.0,0.1713655307673445,0.5,0.14872372081449425,0.035673998441469734,0.022208996221739052,0.023192966652432034,0.01017376805268938,0.018801098041437814,0.02081613322598941,0.08355170388792177,0.15542652970673235,0.02607279187238326,0.9906462585034013,0.9743902439024388,0.9202982926665745,0.9666680463016035,0.9583333333333333,0.9982072913957643
6,2008-10-31,0.8628401893686094,0.04679241988266769,1.0,0.20217985160156615,0.5618145007290862,0.035576447226327135,0.0,0.20495219416523636,0.5,0.24790432312704735,0.04856686399482402,0.03379482916807236,0.02796907272453447,0.02279695358739764,0.030729754953247257,0.026989697393300704,0.09500861814612127,0.19746733451691076,0.035263319578791474,0.9668367346938775,0.9865853658536583,0.9335963060446125,1.0,0.9262820512820511,1.0
7,2008-11-30,0.8348022273592454,0.051855743558043565,1.0,0.25025478015,0.49180912822913747,0.035576447226327135,0.0,0.18190733022799677,0.5,0.26785983919697365,0.05361701339954117,0.040894630256319064,0.04228232158963641,0.03251862408658346,0.038615372418434324,0.03952412737338551,0.09983424754372267,0.18186761246979358,0.04174611576927989,0.9787414965986394,1.0,0.9065482306069043,0.8074350524115319,1.0,0.9901833264497191
8,2008-12-31,0.8274048070390266,0.059904277395618655,0.9804496578690127,0.23645808357023756,0.5367497595384667,0.05094763185549356,0.06514825490912513,0.11032115714635937,0.5,0.23126915075642784,0.0900876725251124,0.04359149014681957,0.051103240863798916,0.09406690659871492,0.05838129767728967,0.05439856849520547,0.09948140593514726,0.1470818232443982,0.0429939640090688,0.9710884353741496,0.9987804878048778,0.8665358064433814,0.725231228765908,0.9946581196581195,0.9201475778032253
9,2009-01-31,0.7609692841183271,0.07067618490523375,0.9393939393939394,0.4946020147177044,0.44127158836594527,0.05094763185549356,0.06514825490912513,0.05442510419220392,1.0,0.23215810903396805,0.05535750313088478,0.0541324018598488,0.054964552191737626,0.04647987968675421,0.05211099343537273,0.05319818896879336,0.07670788611411239,0.16191289362049874,0.041050294879940274,0.9804421768707483,0.9463414634146339,0.8120486332225781,0.5899445407896337,0.9444444444444444,0.8805970347652352
10,2009-02-28,0.6658050165746359,0.08606571829083753,0.8809523809523809,0.3698475075081452,0.5357417576762309,0.05094763185549356,0.06514825490912513,0.1269919097818093,1.0,0.3474480068793838,0.05769199211914189,0.0641977833069392,0.06017565915102463,0.04815688000574214,0.05978143337130126,0.05653116488894688,0.08689496657446899,0.16170339325452496,0.04206115452175929,0.9659863945578233,0.8597560975609755,0.7605672821348209,0.5556383971326785,0.8782051282051282,0.8748551987602564
11,2009-03-31,0.6222026414275067,0.09531522710825557,0.7302052785923754,0.3346364892068877,0.5951518147429367,0.051547779452066234,0.06514825490912513,0.12968864917872036,1.0,0.32842466099671175,0.051070286041361934,0.06320195343479557,0.060249401528250424,0.04141981545910001,0.05711777115682304,0.05583780418529988,0.07402898624864324,0.12122748992037749,0.043731758434154444,0.9489795918367343,0.7609756097560975,0.6164094913445552,0.4886964605860474,0.7873931623931623,0.7192261180462065
12,2009-04-30,0.5672332537720489,0.10129972171520141,0.6363636363636364,0.3451953623305687,0.6308294540377983,0.051547779452066234,0.06514825490912513,0.16695268448149037,1.0,0.2860983166206924,0.04152357398095757,0.05322392115520097,0.05723612299970354,0.03819741291980816,0.049061712416044845,0.05335232556478331,0.07636684519202602,0.05844667222856842,0.04872618780375643,0.8979591836734695,0.6329268292682926,0.516814609450143,0.429632771019492,0.6538461538461537,0.6374801625206324
13,2009-05-31,0.43864869864929523,0.10156285596388437,0.5268817204301075,0.3113897448266141,0.6468699469397894,0.051547779452066234,0.06514825490912513,0.14439813679823477,1.0,0.2204934591545753,0.03121663060404284,0.062383382072574434,0.0634258558252433,0.03514245986918624,0.05471388587167669,0.057384382700690906,0.061212837839876355,0.04163152704412404,0.055874328177643984,0.8630952380952381,0.5207317073170731,0.4325784142771836,0.4870058771998766,0.49572649572649574,0.5187154061823461
14,2009-06-30,0.31106513622556864,0.10051538205520583,0.37777777777777766,0.2883048901847767,0.636701552280055,0.057104518227467205,0.06514825490912513,0.13655307673449357,1.0,0.1590899676496489,0.04952474499250087,0.06454588002123957,0.06688992746906497,0.04977104040964225,0.06049778961083924,0.06124903427294626,0.07734117605815122,0.02896115535392499,0.057729380145559395,0.8052721088435373,0.4378048780487803,0.38652408467571875,0.5940773022765157,0.43482905982905984,0.3771675510665897
15,2009-07-31,0.23908342082934306,0.09978882006679468,0.33333333333333326,0.3800164699805263,0.6204931329272725,0.057104518227467205,0.06514825490912513,0.15052708997303244,1.0,0.14117516184574797,0.05907744414185484,0.0722697225427762,0.07041697328351826,0.04322012718788776,0.06411189351116797,0.06439170335723671,0.10578724421809471,0.010338349763977517,0.05854257112346606,0.7329931972789114,0.3926829268292683,0.3168571255640519,0.4858159810352451,0.37606837606837606,0.329202758917602
16,2009-08-31,0.21878586260676255,0.10061240321330867,0.33333333333333326,0.31702849170902103,0.5931630119310034,0.057104518227467205,0.06514825490912513,0.1338563373375825,1.0,0.12709048218316354,0.04981962741986784,0.06349972724768521,0.07038999213595204,0.04805463596104392,0.05925354715285197,0.06291276448140226,0.10158996028299061,0.009605021837533229,0.0532374697079489,0.6913265306122449,0.38414634146341453,0.3007450017192467,0.3880810328332413,0.33974358974358965,0.2979793956716067
17,2009-09-30,0.230013889225169,0.098565033782261,0.32727272727272727,0.3462686244902944,0.5918361002302155,0.06770189019993067,0.06514825490912513,0.12233390536896271,1.0,0.10945877709466256,0.04923069723451606,0.06433571695661322,0.06581445284997978,0.04584646532641745,0.05921016592417422,0.060706155623603986,0.10382587669438109,0.0,0.05557473580239919,0.6607142857142858,0.36097560975609744,0.3128017706043945,0.31089748077060336,0.329059829059829,0.3123327656238263
18,2009-10-31,0.16482000925948345,0.0961816545642209,0.2727272727272727,0.30299694320412807,0.7551724885013025,0.06770189019993067,0.06514825490912513,0.10100514832066665,1.0,0.07532558102901632,0.05608272328988584,0.07173801064795687,0.07445708666926754,0.049325800530212516,0.06550222687452334,0.0670025033534179,0.09342288068891458,0.009196000854402697,0.05643360883394294,0.5858843537414964,0.30243902439024384,0.28535514941562856,0.2261566848983118,0.2863247863247862,0.26908467589372487
19,2009-11-30,0.11758942016397658,0.09495759410535398,0.2585858585858586,0.2698852166614739,0.7234931689047759,0.06770189019993067,0.06514825490912513,0.1230693797499387,1.0,0.10894491888359892,0.06686487891705833,0.07306363183173814,0.08619068968573401,0.06952851514160219,0.07230457037525545,0.07802956108231035,0.11378231106383674,0.008053917809167505,0.05836426568202435,0.5646258503401358,0.3012195121951219,0.22248344733014747,0.22709669153936596,0.20192307692307687,0.25126308740241066
20,2009-12-31,0.06853489207993121,0.09649390257549384,0.21212121212121213,0.28640863999834654,0.7021063086451003,0.08290065623337961,0.08850297051141531,0.15543025251287057,1.0,0.12726620482312334,0.11391513937715092,0.06130464902186833,0.08092658042179396,0.12368483177661826,0.07960969652041777,0.08272650314533309,0.12074157552855447,0.02306583167457882,0.05944382865828918,0.532312925170068,0.2670731707317072,0.2044039860662275,0.20267355223916889,0.1613247863247862,0.1864966047937116
21,2010-01-31,0.08161976483694441,0.10927989475185451,0.21212121212121213,0.5211480545420619,0.5770025006857762,0.08290065623337961,0.08850297051141531,0.19931355724442223,0.0,0.11186123461385811,0.09641583846851409,0.07204553192416385,0.08966262980517586,0.08801892071224299,0.07693769829385627,0.08481107157072199,0.14002027790976468,0.019165985274799985,0.060059252631613325,0.4991496598639453,0.2573170731707317,0.26920371989661296,0.15987412070894863,0.16025641025641013,0.18891999137551757
22,2010-02-28,0.08045731307233858,0.12483146516959387,0.21212121212121213,0.37736108073665586,0.6559778980629942,0.08290065623337961,0.08850297051141531,0.19735229222848716,0.0,0.09774037283661541,0.08782576067756581,0.07869703815007933,0.09158473722190408,0.08262558099131351,0.08012195069655537,0.08475838294414734,0.13751784915422471,0.021147624915674595,0.06269267770559867,0.47619047619047605,0.2524390243902439,0.25708900199034257,0.14712796881681683,0.16346153846153832,0.1939178850863642
23,2010-03-31,0.04682419916905431,0.12958966936641025,0.21212121212121213,0.32153600538357796,0.6396027333966665,0.12057523971216666,0.08850297051141531,0.20299092914930128,0.0,0.078706984633934,0.08229736373751112,0.07530520556958192,0.08789724521350872,0.08314565088347103,0.07785172826865888,0.08318776616252016,0.12726058361421355,0.022947648869051956,0.06473941766737085,0.43707482993197266,0.24390243902439027,0.2402365208343486,0.19099908089171178,0.15064102564102555,0.19632162840395623
24,2010-04-30,0.0657301594966758,0.13832608833284143,0.21212121212121213,0.3520220061617988,0.697096927174444,0.12057523971216666,0.08850297051141531,0.21917136553076721,0.0,0.09138213308615883,0.06862093324144769,0.07287888182882613,0.09025981487105289,0.08578192715299282,0.07688407796243979,0.08395196750878037,0.12913987827282392,0.042950484296171876,0.06581272261180038,0.37925170068027203,0.24268292682926826,0.25294574605531417,0.2821789970269158,0.1549145299145298,0.210778702921687
25,2010-05-31,0.07789724381215155,0.14029484284282656,0.15542521994134897,0.3380794406515776,0.6714912058599296,0.12057523971216666,0.08850297051141531,0.24417749448394188,0.0,0.11193537433766776,0.07647890552890768,0.07324464697685629,0.0921609314020187,0.08124137176189583,0.07582897811548739,0.08538368736160545,0.14914769206921913,0.029647972832121505,0.07299765941340713,0.3511904761904763,0.2073170731707317,0.20906858148319335,0.3653838013475242,0.09935897435897434,0.15359163286426997
26,2010-06-30,0.10108434410230968,0.1424643660793703,0.15151515151515152,0.3093844449933326,0.6845762716028077,0.13992473180242881,0.08850297051141531,0.21426820299092908,0.0,0.0866594183113173,0.10164360847681275,0.08060592310056841,0.09632331365197566,0.10394549176421924,0.08766444969886411,0.09340551695396226,0.1281462890125985,0.06412357502794364,0.0788490250829037,0.34268707482993177,0.19634146341463413,0.21624336959769735,0.3684029010783095,0.09081196581196571,0.1544266071536613
27,2010-07-31,0.10063889365626397,0.1416592805613437,0.15151515151515152,0.38372802711761267,0.6583023643329882,0.13992473180242881,0.08850297051141531,0.19759745035547915,0.0,0.06330431333083342,0.08908959846457476,0.08170431634650399,0.09910544953118783,0.09654323174487917,0.08630275273871635,0.09396503036518089,0.13359960654891578,0.08773495034010184,0.08093540186118753,0.3163265306122449,0.19390243902439022,0.20726932463894326,0.3011679939473928,0.10363247863247871,0.1549646923048721
28,2010-08-31,0.10995362365911723,0.14380244650512597,0.15151515151515152,0.27580315152452306,0.704725926916324,0.13992473180242881,0.08850297051141531,0.1870556508948269,0.0,0.039603596544822595,0.09150803544034797,0.08197950812366167,0.10156825994253926,0.10451633766202689,0.08881033918194509,0.09506716269439808,0.14751214304933147,0.12734946238520442,0.08412502161258739,0.2891156462585034,0.19146341463414632,0.21561748508074624,0.2862648938734391,0.08760683760683763,0.1545884190428955
29,2010-09-30,0.10636888460412228,0.14120756920487465,0.15151515151515152,0.2341169602284897,0.7602037277487175,0.1689156392205724,0.08850297051141531,0.1716106888943365,0.0,0.03273162481788172,0.08588832512754518,0.08663077196177993,0.1029463556685527,0.10505536153520112,0.09228650039586123,0.0975712149823712,0.1577792393173873,0.14117644235511576,0.0973479207567311,0.28656462585034004,0.18780487804878052,0.2084866654346833,0.2282383400466616,0.0822649572649572,0.15675352403326898
30,2010-10-31,0.11177769641655852,0.13952349904632433,0.15151515151515152,0.20427319063950233,0.7964164314017457,0.1689156392205724,0.08850297051141531,0.17185584702132894,0.0,0.033994265503096366,0.10143859542751205,0.09038382869095973,0.11136793908089465,0.10964532309777286,0.09629579697900476,0.10447317832210323,0.14692558900695563,0.1788702869584938,0.1004518889074607,0.2338435374149661,0.1853658536585366,0.20416022194382127,0.27565415729712267,0.08333333333333326,0.15375989431254866
31,2010-11-30,0.14734818533788482,0.14322454184128497,0.15151515151515152,0.24961329936977117,0.7686594343444444,0.1689156392205724,0.08850297051141531,0.2211326305467023,0.0,0.0582189030040291,0.11115743576239878,0.09431491698936395,0.12551361116183596,0.12788085110153102,0.10438760624367405,0.11764359970791666,0.17055038308715836,0.26262109199259165,0.10956613369739371,0.22278911564625825,0.1841463414634146,0.19834970169921212,0.24761183793971925,0.03952991452991439,0.1539879896180944
32,2010-12-31,0.2249661196811645,0.15561875717086338,0.15151515151515152,0.2728377899333895,0.7235749685400457,0.19309829721261096,0.18166132109942756,0.27727384162784974,0.0,0.08464850761645093,0.16463019619024694,0.08998161245045527,0.12937907051135328,0.1992042531996137,0.1219691520658075,0.13181993401190362,0.18355542377434303,0.2619473358555112,0.114332150515991,0.22789115646258518,0.19146341463414632,0.23748260895768564,0.20750127926902723,0.029914529914529808,0.15459497092287022
33,2011-01-31,0.25556950170682424,0.17309309392341965,0.15151515151515152,0.44552037078518203,0.6302456403848908,0.19309829721261096,0.18166132109942756,0.30546702623191946,0.0,0.060037423989241945,0.1399848385945583,0.09674288101182404,0.130931392602522,0.14962906272146348,0.11242475783261846,0.1274050190929279,0.18779821832392546,0.25822316413690016,0.11471555495412883,0.28316326530612246,0.1890243902439024,0.2583559746063111,0.1064653428772982,0.17200854700854684,0.15344428921275466
34,2011-02-28,0.22450127274422485,0.18478918828229562,0.15259740259740265,0.3963526213668469,0.6476079278254097,0.19309829721261096,0.18166132109942756,0.3417504290267219,0.0,0.06684986294109607,0.1518805211688946,0.11342081154410627,0.139310560814084,0.15623621317270725,0.12624411346608022,0.13330502122760085,0.20942945355368708,0.27579634911793405,0.12287609296922408,0.2857142857142858,0.1865853658536585,0.2797987217778306,0.13748420039411324,0.1976495726495726,0.15663008705799458
35,2011-03-31,0.22700234991831394,0.1900528968401607,0.1915933528836755,0.25497873149257266,0.7177632266657574,0.2080139386981703,0.18166132109942756,0.3807305712184359,0.0,0.06660195054237694,0.1268649670982967,0.12204741403567132,0.14499204140820954,0.15609428154500504,0.1323603480490832,0.13866352895033707,0.20324500550748098,0.3398726797862749,0.1311320846673657,0.29081632653061207,0.2024390243902439,0.30780563799463323,0.24085038753477955,0.2382478632478633,0.19550964793989256
36,2011-04-30,0.18011741966742637,0.19238643116405063,0.21212121212121213,0.2777630164016297,0.7146940692510331,0.2080139386981703,0.18166132109942756,0.3976464819808774,0.0,0.034540744234758725,0.12211345445383748,0.11544684655878468,0.13972438331641246,0.14847574878639247,0.12544070305548144,0.13273559316768868,0.19704690603121305,0.32122068122689196,0.1396620176662734,0.2823129251700678,0.22073170731707317,0.3103379944530925,0.28999325343852644,0.24786324786324787,0.21950070155031276
37,2011-05-31,0.20506384856611107,0.19796964421392516,0.24242424242424246,0.2816454788535443,0.7470749626712299,0.2080139386981703,0.18166132109942756,0.4331944103947043,0.0,0.03038713804913795,0.12078839953577969,0.13135158099318467,0.1552915407159462,0.14399160965932034,0.13549314588068723,0.14494091995030378,0.20084336745682235,0.3624001709347139,0.14782692600660008,0.310374149659864,0.23780487804878045,0.3399820026978082,0.34976967427878947,0.2724358974358976,0.25131161052004913
38,2011-06-30,0.23317538347196917,0.20421941162936963,0.2838383838383839,0.2576608664432283,0.7295870690282182,0.2568011080366892,0.18166132109942756,0.40058837950478043,0.0,0.02265949907955389,0.15259205860151398,0.13979979976301732,0.16192545830791527,0.1654645704545244,0.14774756419365598,0.15476318936271122,0.204539978932943,0.3354219962209699,0.15971250838364637,0.34268707482993177,0.2646341463414633,0.3499395834255793,0.3288438726522111,0.30982905982905984,0.28562135805795913
39,2011-07-31,0.2581945826537315,0.20695987550163952,0.303030303030303,0.3026288520682271,0.7274790437833181,0.2568011080366892,0.18166132109942756,0.37827898994851683,0.0,0.01305396029427941,0.14967444328444696,0.13934770279105424,0.1639506364759301,0.16052856369902763,0.14599407263142378,0.15471335602101427,0.2245827782945538,0.35590176798376516,0.16624121061036506,0.3596938775510201,0.2780487804878048,0.3536239732737192,0.3060258264657907,0.3108974358974359,0.3081271414130442
40,2011-08-31,0.23840601510598705,0.20634830222943168,0.33333333333333326,0.19907317869347918,0.7490292710509592,0.2568011080366892,0.18166132109942756,0.3858788918852656,0.0,0.023728787388158645,0.157857303519143,0.16136662647079492,0.18158623907544524,0.1701990360525077,0.16451361303474876,0.1708169541483205,0.20799551422935153,0.3634409955088348,0.17604534159973534,0.38265306122448983,0.31219512195121946,0.35829305215297724,0.3218310124189127,0.35256410256410264,0.3424977995335574
41,2011-09-30,0.2998931587774004,0.2124438739987331,0.33333333333333326,0.17468783068339422,0.8110483069353918,0.27562133381088705,0.18166132109942756,0.401569012012748,0.0,0.045001567111649154,0.1399947061135583,0.15595040771011082,0.18118018838582217,0.16614473649939104,0.1594724801222953,0.16969541323424536,0.22647953210682664,0.4125909305551624,0.18423709711469632,0.3732993197278909,0.3268292682926829,0.33181925627332143,0.339126528112118,0.36111111111111094,0.34002869773764777
42,2011-10-31,0.3384995329458761,0.21620194505542623,0.33333333333333326,0.1224081873180789,0.9725130790974146,0.27562133381088705,0.18166132109942756,0.4456974748712921,0.0,0.07809102146344526,0.1453082118479755,0.16659409716440954,0.1925789816910073,0.18082929350661553,0.17132619662536785,0.18022446543951814,0.23180843067334828,0.4132689565572425,0.19050926459316592,0.36139455782312924,0.34024390243902425,0.35816956167975833,0.27306861608809796,0.3782051282051282,0.34599605830351743
43,2011-11-30,0.330877782175802,0.21896288061139413,0.3363636363636364,0.13816838001507503,0.9033673299817266,0.27562133381088705,0.18166132109942756,0.461632753125766,0.0,0.08337627857677454,0.1733779945633958,0.18468925370685663,0.21271669238418733,0.21049883618841608,0.19284221481225405,0.20194311928759895,0.23110853599821474,0.46149631826025717,0.2022613798580732,0.3537414965986392,0.38414634146341453,0.39498860582304585,0.2712811697752461,0.37606837606837606,0.34489226346647317
44,2011-12-31,0.29914967121610236,0.22728588123684457,0.36363636363636365,0.18051366233912347,0.8542235217683087,0.30787689359734016,0.3321390388805434,0.4709487619514583,0.0,0.08955695964123189,0.2261345147520714,0.18976196196798034,0.22372605066713303,0.2534280299803236,0.20890682557980556,0.2184552672645224,0.2590658036024645,0.44170909211039566,0.21094829223295736,0.40816326530612224,0.38902439024390234,0.38782988891818937,0.26509487638549967,0.3814102564102564,0.36908240030183614
45,2012-01-31,0.27471129660993476,0.24186521118349713,0.364613880742913,0.3690035866319692,0.7248096195418987,0.30787689359734016,0.3321390388805434,0.4331944103947043,0.0,0.05389316621933071,0.19218573290050978,0.2009610896784959,0.223737481611624,0.19740608253827913,0.20066130352592315,0.2115105156334955,0.2711555699295249,0.4107465313126124,0.2114003091126177,0.5306122448979591,0.3902439024390243,0.38419933204981926,0.28537790748133485,0.4636752136752136,0.3657670010297551
46,2012-02-29,0.2758391022287371,0.25414036173842014,0.39707419017763834,0.32599790237025805,0.7642662361469807,0.30787689359734016,0.3321390388805434,0.43662662417259135,0.0,0.02247932693313659,0.17900000003860078,0.22506401142755883,0.2362084212401998,0.18958337802344827,0.21559758461298706,0.22125314654616562,0.2647760570935695,0.3747538617138937,0.22193980765445537,0.44387755102040805,0.4073170731707316,0.3956610409395883,0.2720262595860964,0.47435897435897423,0.39812970134360803
47,2012-03-31,0.25546315542916465,0.2566085704957852,0.4242424242424242,0.21922633127976932,0.8041212879482003,0.3335796841144443,0.3321390388805434,0.4329492522677123,0.0,0.015164212471785343,0.16767267213832016,0.22652108039313457,0.2402052086813974,0.18427935900353026,0.21510011525000217,0.22236930257499793,0.274825516118191,0.35740969770622255,0.23007148344853784,0.43452380952380953,0.4182926829268292,0.4007166859367347,0.3492312772912667,0.49786324786324787,0.4228880121134282
48,2012-04-30,0.2589430196644299,0.2595313968575734,0.4242424242424242,0.25470290629380776,0.8019666419621942,0.3335796841144443,0.3321390388805434,0.44373620985535656,0.0,0.018690720160182472,0.15595017874630446,0.21969204192594183,0.24355285729504517,0.18809568446812325,0.2113320172964016,0.22359990152034698,0.28655821604114745,0.3521364691479677,0.23574575474305132,0.4591836734693877,0.43170731707317067,0.3796443912208066,0.4381937130171614,0.4722222222222221,0.4233028518242402
49,2012-05-31,0.26104439535720236,0.26561464906007837,0.4242424242424242,0.24373509738794552,0.8410977783567155,0.3335796841144443,0.3321390388805434,0.4334395685216963,0.0,0.027165939467568845,0.17697689440377323,0.2331484806915326,0.24892926441730867,0.18373528872573214,0.21967281919392556,0.22934611514131303,0.2861576163117125,0.3879057544948159,0.24427820849318665,0.43877551020408134,0.42926829268292677,0.3847149556100976,0.45418794406997615,0.4882478632478633,0.42506859450451084
50,2012-06-30,0.22861279373811713,0.267298116035092,0.4242424242424242,0.19529811915190032,0.8678270258227041,0.35848007616656674,0.3321390388805434,0.37067908801176763,0.0,0.02684074003302883,0.19504853463958166,0.23184228454900047,0.2532816083263776,0.1976218137359395,0.22276578712104278,0.23408721215343492,0.2956620488160631,0.36106391089355416,0.2542962221438538,0.4183673469387754,0.42926829268292677,0.3845052004806784,0.45261521309520103,0.4476495726495726,0.42923129902833845
51,2012-07-31,0.20647979240136446,0.2668586328539746,0.42228739002932547,0.25462371193136724,0.7885471753971731,0.35848007616656674,0.3321390388805434,0.33218926207403765,0.0,0.022953912329038983,0.1926393631647313,0.23134517981188496,0.25292778523167103,0.19696291386650938,0.22221997534022053,0.2330452372151382,0.30055448166612736,0.37356970912779697,0.2607794915251564,0.46683673469387754,0.4280487804878048,0.3728217717600899,0.48838952893488446,0.4337606837606838,0.4353705783948092
52,2012-08-31,0.21640357221828568,0.2676931464173191,0.3890518084066471,0.17560157499252838,0.8351511493532007,0.35848007616656674,0.3321390388805434,0.3650404510909535,0.0,0.03262066906972283,0.1692004626499703,0.25357582881795315,0.2682876226693566,0.19399566255579098,0.2372273416604157,0.2460266672143741,0.27576587170762173,0.402422988412074,0.2648594226523681,0.4523809523809521,0.42439024390243896,0.3211292269461711,0.4193362942481676,0.49465811965811946,0.4081671752563709
53,2012-09-30,0.2133200652417692,0.273521617549219,0.36363636363636365,0.18934591447640992,0.7913550945549774,0.384826666283834,0.3321390388805434,0.40181417013973997,0.0,0.03138380486987924,0.17601198786379385,0.2611936424799012,0.2780387210971963,0.1922318136123265,0.24215339188278595,0.25366466954113226,0.2853028983753771,0.4070008944899365,0.27265258266372455,0.4090136054421769,0.4134146341463414,0.29960342188515965,0.33534582748454705,0.4145299145299144,0.36654245615374215
54,2012-10-31,0.20968877460862892,0.27685698489411514,0.36363636363636365,0.1121729735656758,0.9256833910149109,0.384826666283834,0.3321390388805434,0.39862711448884536,0.0,0.032120800660548565,0.20063679463860618,0.27914678044021113,0.2909193781952484,0.20522874511503358,0.25873515290286153,0.26731546116011534,0.29365886469114694,0.4298751425534997,0.2798454992512693,0.3988095238095237,0.4256097560975609,0.3039114965230052,0.22908260146410636,0.4316239316239314,0.365676989407972
55,2012-11-30,0.1717112480518231,0.2740614850936156,0.35858585858585856,0.14012539416307113,0.8462840630764439,0.384826666283834,0.3321390388805434,0.3799950968374599,0.0,0.03952031387962063,0.19735459759073365,0.28707157288490437,0.30465624669608093,0.2264490763705121,0.2705427375419631,0.2794877515115815,0.3081627651453324,0.4568034059896473,0.2915040084356176,0.36479591836734704,0.41219512195121943,0.3257085990042018,0.20610989668059188,0.3878205128205128,0.3549105962236473
56,2012-12-31,0.1265286608569048,0.2758761353489021,0.32551319648093835,0.16160556134845827,0.8486625013237332,0.4073064895229097,0.42276670320598697,0.3527825447413582,0.0,0.026817655183625555,0.27488556964711475,0.3013592588847329,0.32597411515179475,0.28936083644161853,0.2989770325735186,0.30661915499437603,0.368035244995119,0.5138775168436316,0.2995910031087656,0.3477891156462585,0.40121951219512186,0.298555756316793,0.2747664502432539,0.3450854700854702,0.33122350638008025
57,2013-01-31,0.06766325390983094,0.2819663881360981,0.3000977517106549,0.3401603332726538,0.7352832941637097,0.4073064895229097,0.42276670320598697,0.3491051728364791,0.0,0.016652323168484973,0.21179127506435957,0.3068713906801064,0.31735829499346424,0.2384411650928387,0.28815132226478946,0.29406242612177197,0.3480205769380175,0.5292655651318967,0.29777353607238816,0.4285714285714286,0.38902439024390234,0.2451999691555385,0.28569226840831086,0.39209401709401703,0.2954837830670427
58,2013-02-28,0.045066609556263126,0.29107073078214496,0.2683982683982684,0.32027879318985464,0.7372384269119747,0.4073064895229097,0.42276670320598697,0.36209855356705045,0.0,0.025950444147884277,0.21159862708178367,0.32443015447202295,0.3346654478002997,0.23486116031795506,0.2996464365386847,0.3071328422875253,0.3491538391802496,0.5548654215915043,0.30410678524044427,0.36394557823129237,0.3524390243902439,0.22810509528898065,0.2519553585466367,0.3536324786324787,0.2674988610454716
59,2013-03-31,0.05645047694633418,0.29530690704464746,0.23069403714565004,0.20806095421364834,0.7509913357243643,0.4421836260362981,0.42276670320598697,0.38465310125030605,0.0,0.03628440708798564,0.215287004840525,0.33065461649356576,0.3462995742786582,0.24612637920597308,0.30735469497229995,0.31711954162244366,0.3527626017841891,0.5605800176697303,0.30915419948541084,0.3265306122448981,0.3219512195121951,0.1953015515449948,0.20580093304607772,0.3226495726495726,0.23424722470881792
60,2013-04-30,0.0712296666251537,0.3005255961766635,0.1818181818181818,0.20575554188992473,0.7777270884114995,0.4421836260362981,0.42276670320598697,0.3682275067418481,0.0,0.04362598308232091,0.21274101477918367,0.32645912088873175,0.3477657507194437,0.24784125649886785,0.3048571839051426,0.31577900782189755,0.3732363347929902,0.6007551653795099,0.3144903172143791,0.3307823129251699,0.2780487804878048,0.1690448505908992,0.1959953129201067,0.26388888888888884,0.16943415099220333
61,2013-05-31,0.06832714897401257,0.3062906233673881,0.1818181818181818,0.15241308912770124,0.8648376032629677,0.4421836260362981,0.42276670320598697,0.36209855356705045,0.0,0.0515053211224441,0.2384826379310544,0.34320097397004135,0.35417713366840187,0.24095921477019616,0.31481205370182386,0.32262564169619795,0.39785606201021034,0.6196992589030049,0.3244985584592481,0.3163265306122449,0.24999999999999997,0.19973602142512253,0.21866001541461189,0.2222222222222221,0.1746884075634184
62,2013-06-30,0.08905651321456173,0.3111616046074377,0.1818181818181818,0.13933754543168064,0.8201675431669311,0.4760031073304851,0.42276670320598697,0.3799950968374599,0.0,0.07908888084175947,0.2475256118101793,0.34809811724193296,0.3707915180611615,0.28017868839414733,0.3296760157010611,0.3387165277899859,0.3979765619390187,0.6221100262932849,0.3377494782352762,0.314625850340136,0.24512195121951216,0.24169740046126947,0.39085538895751565,0.19871794871794868,0.17118224225753093
63,2013-07-31,0.09814303346938072,0.3120947660966076,0.1818181818181818,0.18506049314769002,0.8184084826389428,0.4760031073304851,0.42276670320598697,0.37288551115469426,0.0,0.07538894463017931,0.2478998334323952,0.36180282444314615,0.3746838377497561,0.27866736242803264,0.33901988292751883,0.3448795988848163,0.4148716454412303,0.6119847838327106,0.344980496710442,0.2967687074829932,0.24999999999999997,0.24366291688836594,0.34840725783263854,0.2863247863247862,0.1761080115180112
64,2013-08-31,0.10393709972164025,0.3138295950637575,0.1818181818181818,0.1416163519077338,0.8578470505031524,0.4760031073304851,0.42276670320598697,0.37950478058347636,0.0,0.0756390943572195,0.24194118319337776,0.3709916295512615,0.3843927293139493,0.2828237312260013,0.3467833468400716,0.3507452724054069,0.41617097821970545,0.6173301181283735,0.3534108556374345,0.2891156462585034,0.26097560975609757,0.2588465129426388,0.34596500243892897,0.24893162393162394,0.18346150021956809
65,2013-09-30,0.10483549167228381,0.31992728711458485,0.1818181818181818,0.12103180500169053,0.8283998925019387,0.4913445024369827,0.42276670320598697,0.39053689629811217,0.0,0.0833929073313655,0.24649126322285442,0.36878404518267793,0.38110686475451383,0.2807338852583326,0.3446018644202141,0.347994051970486,0.4519234359765147,0.5979856002177476,0.3641458497529751,0.29166666666666674,0.26097560975609757,0.24218628526233837,0.284539807563749,0.29487179487179493,0.18467860000289676
66,2013-10-31,0.047064715656138484,0.31450768302969667,0.1818181818181818,0.03698779704143096,0.9753720145337272,0.4913445024369827,0.42276670320598697,0.3611179210590829,0.0,0.06807914143479454,0.2766388797003625,0.3945263754625582,0.3981106361343868,0.2906034957521026,0.3658367703446339,0.3655574460889626,0.4502233314910839,0.549521983678369,0.37438255087099,0.27976190476190466,0.2548780487804877,0.23174017420323895,0.2518377378876967,0.2767094017094016,0.18447227148253836
67,2013-11-30,0.03621565633912771,0.31000458891268456,0.1818181818181818,0.08566114727751717,0.8705315751273539,0.4913445024369827,0.42276670320598697,0.3562147585192448,0.0,0.0843909295488664,0.284943631131618,0.40481018981153627,0.4183094920368724,0.31809346502234565,0.3811455245301727,0.3834828275180589,0.4531760674248801,0.5639967035251198,0.38299316271839007,0.2755102040816326,0.25609756097560976,0.23601154955639342,0.302851936725416,0.27350427350427364,0.18219086156673675
68,2013-12-31,0.05997461868839857,0.3154812212593021,0.1818181818181818,0.08301868741483942,0.8815113012820919,0.5229074069859403,0.546337271460084,0.35106643785241465,0.0,0.08938094963800158,0.3184464199652133,0.39753069182865264,0.4169832748975205,0.37475334441276115,0.39237366266206053,0.39299117632212427,0.47615119855458904,0.5787886745052542,0.38791753031468484,0.29421768707482987,0.2597560975609755,0.23325984423483098,0.26853658710089334,0.16559829059829068,0.17974726460556872
69,2014-01-31,0.08556996053416063,0.32561174360732226,0.1818181818181818,0.2715050008962746,0.7556473237439865,0.5229074069859403,0.546337271460084,0.37215003677371916,0.0,0.10021828066139393,0.30381454863656976,0.40964469438818873,0.4200092385255637,0.33589036622793683,0.3897550169640186,0.3895736369647062,0.4780460528513571,0.6460538433441181,0.38928017631477,0.34438775510204067,0.25609756097560976,0.22850423380491114,0.19551009600843688,0.2831196581196582,0.1798192148217458
70,2014-02-28,0.11095381374472799,0.338817058012014,0.1818181818181818,0.24158317767551685,0.7419978972421131,0.5229074069859403,0.546337271460084,0.4062270164255941,0.0,0.13638822856401356,0.3008916037378505,0.43427842050053733,0.443914964686864,0.34365598852475593,0.40958875585813825,0.408635552697902,0.5037129833374427,0.6663213219242496,0.39758080280454117,0.2984693877551019,0.24878048780487802,0.24515752973719274,0.20120373267896313,0.2382478632478633,0.18162012749609108
71,2014-03-31,0.13669416108103463,0.3471216341221348,0.1818181818181818,0.17461469611163827,0.7637330721628666,0.5451026604672398,0.546337271460084,0.4452071586173081,0.0,0.1280236944043729,0.3088101003022765,0.4302862358592737,0.4430036384371937,0.34922492310390335,0.4083535366893739,0.4074123147277547,0.5123801238206258,0.6319569472905582,0.4069846642592781,0.2789115646258502,0.23902439024390246,0.22654210371733358,0.21696861070653461,0.2318376068376069,0.17025400729816687
72,2014-04-30,0.1647034965452174,0.3568024191688992,0.18484848484848485,0.12008008074026366,0.8343944674596839,0.5451026604672398,0.546337271460084,0.442265261093405,0.0,0.09178805286340475,0.31665221329108295,0.43262774553730665,0.43839472426422466,0.34475061242717714,0.4087278586356874,0.4051224401765879,0.5240734077583404,0.6116032333086547,0.420680637521661,0.2568027210884354,0.22926829268292684,0.23556209633759878,0.25263847909410664,0.23076923076923084,0.1815041118889001
73,2014-05-31,0.19280058440958217,0.36708101393624437,0.21212121212121213,0.10825899969826625,0.8443745523694122,0.5451026604672398,0.546337271460084,0.4378524148075509,0.0,0.08154383484110217,0.32231272470757344,0.43292481851204534,0.44159127366814754,0.33333353603210764,0.4056304317834173,0.4061271525841745,0.5350399626990798,0.6050005562027045,0.4332600110825347,0.26020408163265296,0.22682926829268293,0.2662656463922797,0.2902796266560325,0.23504273504273487,0.20717047429047325
74,2014-06-30,0.17334389750947718,0.3690707336437309,0.2474747474747475,0.13635583472124713,0.845657908668219,0.5631282608257766,0.546337271460084,0.4265751409659231,0.0,0.06892900872875996,0.330224626532322,0.43781211519313457,0.45191910194382945,0.35933278452335865,0.41665521950260553,0.4168818727837908,0.5195842976212861,0.6012446792261518,0.44493104490260676,0.2755102040816326,0.24512195121951216,0.28924757098907306,0.2922933965231068,0.21367521367521358,0.24729643771367282
75,2014-07-31,0.18796818279895108,0.3723039253530205,0.2727272727272727,0.14309972405637683,0.8101361037130386,0.5631282608257766,0.546337271460084,0.4187300809021819,0.0,0.05583602929172371,0.33378525188387775,0.4524901114022205,0.4576486277961834,0.3557271893490857,0.42608672168546213,0.42351373221127814,0.5166552362712522,0.5853751626641726,0.45157873054316705,0.26020408163265296,0.2597560975609755,0.29392667938701944,0.2969157426434035,0.31837606837606836,0.26282579979504483
76,2014-08-31,0.20443928155932803,0.37665218408377443,0.303030303030303,0.11554522614985874,0.8770144374535875,0.5631282608257766,0.546337271460084,0.4368717822995829,0.0,0.07386678138591574,0.3178208135080758,0.45527461040002126,0.46303613751288963,0.35549945756418927,0.42800819003415624,0.4261516893327169,0.5280942675802425,0.5977689448540445,0.4583786195597766,0.24914965986394555,0.2573170731707317,0.29980451457507207,0.2864727106805445,0.2927350427350428,0.28714415544647864
77,2014-09-30,0.18285847825298882,0.3795655971267209,0.33333333333333326,0.07651096047086836,0.8863739241364814,0.5800050952963931,0.546337271460084,0.4523167443000733,0.0,0.10753622581611189,0.3437873157824908,0.44197181227361104,0.45416303977137606,0.3577912988368857,0.41917743981498656,0.41862376031282583,0.5667446708857606,0.6319584232686618,0.46101688318084627,0.2644557823129252,0.28414634146341455,0.3064863495496548,0.33470672001371904,0.31303418803418803,0.3227051076562698
78,2014-10-31,0.24139976314878084,0.3831045297763933,0.33333333333333326,0.04177155287783341,0.9931599722675228,0.5800050952963931,0.546337271460084,0.45869085560186296,0.0,0.14087572931780323,0.33184704915162133,0.4635376832466519,0.4713974404411051,0.36202544698932476,0.43579777948759935,0.43558417887244566,0.5249330827423511,0.6323443720268286,0.47183657676352714,0.24574829931972775,0.2926829268292682,0.3086498728344341,0.30605642787093995,0.29166666666666674,0.3322450780464248
79,2014-11-30,0.2895946922639705,0.3859395655160345,0.33333333333333326,0.031121231379372727,0.9457091317955499,0.5800050952963931,0.546337271460084,0.442755577347389,0.0,0.17656055294172324,0.35732802002666675,0.465646610855595,0.4855201013917353,0.3907339368484756,0.44562478927227334,0.44978715153979437,0.5359796847935376,0.6977151185633196,0.4843358638352016,0.24744897959183643,0.2963414634146341,0.29942993475179114,0.2675122223004055,0.27350427350427364,0.3328743097237219
80,2014-12-31,0.29003907255879446,0.39168552845131277,0.33333333333333326,0.1029198061680463,0.8724171306888087,0.6256629766699555,0.6601843205716373,0.4903162539838193,0.0,0.2716873694900793,0.4080669320570194,0.45821296059163164,0.4852702585419546,0.4541823687324998,0.45871069616694404,0.462681416872416,0.542832924627199,0.7983033350800453,0.4881018634770054,0.21513605442176864,0.29390243902439017,0.3023784176129801,0.1645452269984025,0.2286324786324787,0.33356661097688245
81,2015-01-31,0.3118471492308489,0.405599638347494,0.33333333333333326,0.24909973930295026,0.7744359869617914,0.6256629766699555,0.6601843205716373,0.45893601372885495,0.0,0.29618709984993863,0.37790545923048047,0.4591574240741896,0.48480595678677274,0.4116269876784308,0.44704929560822193,0.45498293000176854,0.5506287395223444,0.8431110032703313,0.48809651279136873,0.30442176870748283,0.30975609756097555,0.2913185297104345,0.06547266172315871,0.35256410256410264,0.33566642645236766
82,2015-02-28,0.3834520376281222,0.430586644338526,0.33333333333333326,0.18326008941190564,0.79733797109773,0.6256629766699555,0.6601843205716373,0.41113017896543225,0.0,0.30661619542706287,0.37112199703323656,0.49562220978844107,0.5085693935622534,0.3987760690191074,0.46935152772855915,0.4735171853504316,0.5448141117979333,0.8529819447405853,0.501239333428092,0.2712585034013604,0.30731707317073165,0.2804604834719454,0.04570608159992242,0.2905982905982907,0.3345799315326672
83,2015-03-31,0.4100993381248462,0.44346620307636364,0.33333333333333326,0.11268029787353129,0.8396913313991785,0.6390552165555239,0.6601843205716373,0.5011032115714635,0.0,0.37997116606521775,0.36386243550986686,0.49295497615294614,0.5092637573939213,0.40941468527649366,0.4705315620739885,0.47441950923786996,0.536807277870976,0.8635756082971198,0.506798733419249,0.27465986394557795,0.30243902439024384,0.29886437343480043,0.058013654985306036,0.31196581196581197,0.3324836009045996
84,2015-04-30,0.42115159240508326,0.4553434718359708,0.33333333333333326,0.15829148183875397,0.892219447120449,0.6390552165555239,0.6601843205716373,0.4677617063005637,0.0,0.3442872284780488,0.39432706642149795,0.4946126835261152,0.5040320184104692,0.39185978333224153,0.46662613867069225,0.47114967453370443,0.5640144702668399,0.7564915549920196,0.5222093082864687,0.2610544217687072,0.31463414634146336,0.29328424408315756,0.13616677567988908,0.2713675213675213,0.33481965459599283
85,2015-05-31,0.39040775303157127,0.46119193941605463,0.33333333333333326,0.11786333176896546,0.869107048828984,0.6390552165555239,0.6601843205716373,0.4670262319195877,0.0,0.31412704515062717,0.3836753737718952,0.5084997169795379,0.5173857150404024,0.388860698910452,0.47566888771003146,0.4815191494704368,0.5702744264400879,0.8301830342848322,0.5344205801154547,0.25425170068027203,0.3036585365853658,0.2908068428416223,0.13948681806675475,0.33119658119658113,0.3345360040795756
86,2015-06-30,0.3920515053081507,0.463531962532548,0.33333333333333326,0.06909911090113963,0.8834621174755051,0.6572919603352478,0.6601843205716373,0.5165481735719535,0.0,0.3697780699687513,0.4106823282765879,0.5101827835834849,0.5289907447552273,0.42847714052915026,0.48835381988142657,0.49445674475428064,0.5762788223013042,0.8749925019167542,0.5433350871812719,0.2551020408163267,0.3012195121951219,0.2819328227989518,0.14636326264165528,0.2745726495726495,0.3349532008359559
87,2015-07-31,0.3967863893887015,0.4676655975936659,0.33333333333333326,0.11117693061863154,0.8458418887575676,0.6572919603352478,0.6601843205716373,0.5474380975729343,0.0,0.445301481452011,0.3956537985944776,0.5305704093575907,0.5321325945651577,0.42018844873555466,0.5005031729877548,0.5001657538415287,0.5747851826753254,0.9330043851087613,0.5528654781878097,0.22789115646258518,0.3158536585365852,0.2810457556838497,0.1933391699606671,0.3450854700854702,0.336745158334981
88,2015-08-31,0.43539182717485825,0.47839685418850797,0.33333333333333326,0.12922086544792344,0.8714687097268246,0.6572919603352478,0.6601843205716373,0.5979406717332676,0.0,0.5702628364801788,0.40497442504141334,0.5419064093329672,0.5477565096483498,0.4371295288339682,0.513505135517906,0.5131137310540614,0.579716961594785,1.0,0.5686578978277514,0.2270408163265305,0.30975609756097555,0.32918318975298255,0.15711060573512914,0.2596153846153846,0.3352699602481216
89,2015-09-30,0.5165084871686861,0.49447078154976554,0.3363636363636364,0.12119754379596848,0.8641161212880113,0.6974440120582861,0.6601843205716373,0.5976955136062756,0.0,0.5942352265021965,0.45359473889433644,0.5432157702500077,0.5395833700294143,0.43196578236691235,0.5129428979583592,0.5107388622540685,0.6240796799396677,0.8994824804714376,0.5807693581206095,0.23044217687074808,0.30243902439024384,0.3591024694031819,0.12083633655689369,0.3012820512820513,0.3402910876468269
90,2015-10-31,0.5892921471366966,0.5099027388441777,0.36363636363636365,0.06479195289697814,1.0,0.6974440120582861,0.6601843205716373,0.5729345427800929,0.0,0.5332422573762333,0.4904035052557796,0.5670698322961898,0.560355112489634,0.43873237614545907,0.5319305507277223,0.5281188840692546,0.6696495235247302,0.8331829828943882,0.5938009247861222,0.26360544217687054,0.34024390243902425,0.3840966670251844,0.11353037261063798,0.3418803418803418,0.37480163928797894
91,2015-11-30,0.6559521342761544,0.5236380870737762,0.42121212121212115,0.0,0.9730378043579311,0.6974440120582861,0.6601843205716373,0.5856827653836723,0.0,0.5652692722440399,0.473981273630258,0.5644800787750841,0.5726791851207238,0.47891916052139044,0.5417310140328407,0.5417696957973852,0.6064133155049327,0.9028911930164971,0.6004671033975448,0.29166666666666674,0.3646341463414633,0.43323165908759265,0.12581868330757492,0.3995726495726495,0.41173401750687066
92,2015-12-31,0.7062488403908246,0.5378714638442101,0.4652981427174976,0.09342153812146314,0.9049356406359577,0.6334056141142959,0.738348016726889,0.6246629075753858,0.0,0.6734268253450247,0.5227962651419261,0.5654016196979587,0.5756091432706145,0.5331731574825374,0.5581153825665599,0.5571150083904106,0.6514881194493163,0.9276025493205793,0.6085935992223719,0.2950680272108843,0.40365853658536577,0.48271390905483313,0.16495824425737415,0.41880341880341887,0.4636752699241432
93,2016-01-31,0.7979676223072487,0.5676302365225103,0.48484848484848486,0.3285027422099539,0.7708108728684246,0.6334056141142959,0.738348016726889,0.6207403775435152,0.0,0.6850046915167024,0.4957964484614783,0.5718723429522522,0.572921755208141,0.4715522740896145,0.5448719224350703,0.5468290651208398,0.6973706108396487,0.9797913963129072,0.6089440746464823,0.37925170068027203,0.4646341463414634,0.5038364222286493,0.18489626322059452,0.48290598290598274,0.487551342129518
94,2016-02-29,0.8164432480748313,0.5975164271535487,0.5235109717868338,0.19362500662167004,0.8247496253263824,0.6334056141142959,0.738348016726889,0.6310370188771754,0.0,0.7227586761870998,0.49560319198137404,0.6025781050563057,0.5972525723657364,0.4803295837034886,0.5693329324557448,0.5643308642248319,0.7316935176974486,0.9551501058868037,0.6220035785257172,0.36394557823129237,0.5268292682926828,0.5253201756312302,0.20059761160125758,0.5256410256410255,0.523635515271208
95,2016-03-31,0.8676470411188216,0.6198386413888404,0.5552297165200392,0.20318390117152874,0.771734300392811,0.674970488369558,0.738348016726889,0.6420691345918113,0.0,0.6220205535525619,0.48208670465244896,0.6142926786269992,0.6033617728926096,0.474812267297491,0.576095093504967,0.5702011774472207,0.6693867581844619,0.8358921694446617,0.6341017379738751,0.36734693877550995,0.5390243902439023,0.5254446379190684,0.23091017467524028,0.5876068376068375,0.5532134895441713
96,2016-04-30,0.8617571963322171,0.6316842887084491,0.5757575757575757,0.12368133705985407,0.8663805552727335,0.674970488369558,0.738348016726889,0.6315273351311594,0.0,0.5636438114827785,0.4804804510229258,0.6216621958401398,0.6078974001075282,0.4540371321363678,0.5753331173859842,0.5707636027948586,0.6583191103421187,0.7699708545577213,0.6438379342626186,0.3877551020408163,0.5756097560975609,0.5577198967042677,0.30444552972839206,0.6794871794871795,0.5743747938889064
97,2016-05-31,0.8972868857382151,0.6439172712506127,0.635386119257087,0.11174724884780274,0.8392276122292985,0.674970488369558,0.738348016726889,0.6648688404020593,0.0,0.561764786160945,0.4845114932410062,0.6275786736496878,0.6085644012966563,0.4337525407591078,0.573676204925247,0.5704514892098034,0.6956568180135758,0.8415255611868577,0.6525332052340247,0.41156462585034026,0.597560975609756,0.5714304404733086,0.327064061956703,0.6848290598290598,0.6378355942283582
98,2016-06-30,0.9514610172670238,0.6554861487179315,0.6747474747474748,0.11427858883043052,0.8692866019657481,0.6928414161499032,0.738348016726889,0.688894336847266,0.0,0.5614753921899193,0.453062971368691,0.641533806929268,0.6155968862251844,0.4424361538136264,0.5861540243496939,0.5810030085063598,0.6479695165755699,0.77595852816805,0.6637355168842376,0.42261904761904767,0.6073170731707316,0.5527323907337428,0.3455740602007557,0.6794871794871795,0.6753449061770569
99,2016-07-31,0.9999999999999999,0.668087365670623,0.696969696969697,0.18247978019351452,0.7927260060359584,0.6928414161499032,0.738348016726889,0.6957587644030396,0.0,0.5472849820013129,0.4672702538372968,0.6459653777601656,0.6261921629096838,0.44819457689306336,0.5909863231797033,0.588224101876766,0.6158456559925889,0.8308870608805936,0.6697064141557678,0.4336734693877551,0.6499999999999999,0.5388090127824919,0.3166584635326154,0.7339743589743588,0.6912107326169377
100,2016-08-31,0.8839577509648416,0.6602941978088981,0.7272727272727273,0.12173994703761093,0.8678528273640125,0.6928414161499032,0.738348016726889,0.6656043147830348,0.0,0.5436179393054384,0.4562163726845435,0.6550089192156006,0.6313687909243029,0.44811362560207785,0.5974178310228615,0.5925262221505334,0.6201781604380143,0.7897925909681929,0.6762139109419503,0.45663265306122436,0.6414634146341462,0.5736993447778063,0.3791794731294333,0.7286324786324787,0.7280710959759834
101,2016-09-30,0.7736366641299623,0.65901137265084,0.7272727272727273,0.08767760362510035,0.8641227483771199,0.7001072126536296,0.738348016726889,0.6594753616082372,0.0,0.5309230250495857,0.4754799791798284,0.6524190005955077,0.6261784548839026,0.4217106521990685,0.5879158061272984,0.5855064079009054,0.6292519510151504,0.7680304155999866,0.6829760173266155,0.4591836734693877,0.6402439024390243,0.5396573182607922,0.5110102562890588,0.7403846153846154,0.7268500669769894
102,2016-10-31,0.6678811099447949,0.6575576089338999,0.7272727272727273,0.07253931925894186,0.967779910247816,0.7001072126536296,0.738348016726889,0.6665849472910024,0.0,0.5332050438326931,0.46242894030095205,0.6507357517696828,0.6306969124506018,0.44609618138544965,0.5937829925466612,0.5900867610457212,0.6280443024183688,0.8114069666957147,0.679876306217019,0.482142857142857,0.6292682926829267,0.5320165193127034,0.4880641405322094,0.7478632478632479,0.726276477919811
103,2016-11-30,0.5983527162243887,0.6602725928712809,0.7272727272727273,0.01690249207051875,0.9463480249986271,0.7001072126536296,0.738348016726889,0.7168423633243437,0.0,0.6137668865374047,0.4722210333806397,0.673211672323762,0.6490273829357298,0.46815551492283786,0.6162198805041158,0.6128384656626007,0.5904513392530053,0.8427632320699328,0.6902168674943334,0.46513605442176864,0.6195121951219511,0.5466809269745285,0.3967033797673581,0.7596153846153846,0.7257756340193133
104,2016-12-31,0.5695796940945979,0.6703949813806886,0.7145650048875856,0.1043262873622346,0.877460217964066,0.7140312149999717,0.7951768097113394,0.6805589605295412,0.0,0.5690497324334246,0.5425808122379043,0.6564728336644874,0.6488196853120585,0.5224411163366378,0.6200080302030471,0.6211375817302109,0.6365134187778878,0.776875386356713,0.696350934686526,0.44387755102040805,0.6085365853658535,0.526647191860865,0.2875554110146658,0.6452991452991452,0.7135700168310228
105,2017-01-31,0.532362643749735,0.6953661766517203,0.696969696969697,0.31630617186446686,0.744608429069487,0.7140312149999717,0.7951768097113394,0.68938465310125,0.0,0.53855474215945,0.46234236494833814,0.6661082148011745,0.6528420395492764,0.4660251562444739,0.6105321464465195,0.6140621928907559,0.6369592532419308,0.7433787589683606,0.6940260446278708,0.5705782312925167,0.6109756097560975,0.48705072343668054,0.1222718192499837,0.7158119658119657,0.6962267070637029
106,2017-02-28,0.49421054877488413,0.7201404233585991,0.6948051948051948,0.22919130959237533,0.7903428947358995,0.7140312149999717,0.7951768097113394,0.673694532973768,0.0,0.511013707756892,0.45611359819986097,0.680664814156613,0.6680105714379356,0.4776642903855564,0.6242959887341979,0.6228594710760644,0.6303380454539105,0.7316784469844592,0.7030551020160427,0.4982993197278911,0.5914634146341463,0.5045147259973244,0.1810126727505414,0.6901709401709402,0.6923948841564779
107,2017-03-31,0.4276039354276103,0.7317305767543312,0.6617790811339198,0.17250653603131783,0.7979411689151856,0.7257977600642762,0.7951768097113394,0.6695268448149054,0.0,0.5389497229748627,0.5003407531211628,0.6869294006069313,0.6676481087335417,0.45315396804988767,0.6216626319558268,0.6224059891337113,0.6609303872339314,0.7315053117567218,0.7114544121213424,0.4770408163265307,0.5756097560975609,0.4755071487495103,0.3270508747437629,0.7179487179487181,0.6583574891074941
108,2017-04-30,0.4244860498430957,0.7435720383457562,0.6363636363636364,0.11601948464258882,0.8918035404302946,0.7257977600642762,0.7951768097113394,0.6587398872272616,0.0,0.5102364089254244,0.4712497804799425,0.699238334340941,0.681547916581547,0.437599564159958,0.6259395769949857,0.6321764577692142,0.6580283488605956,0.7584971938901942,0.7175972984016152,0.48469387755102034,0.5609756097560975,0.43188363259521,0.41542120290550794,0.6474358974358976,0.6341613005991017
109,2017-05-31,0.3848600890981153,0.7492308869555822,0.5757575757575757,0.15211956569520568,0.8351245900897957,0.7257977600642762,0.7951768097113394,0.6469722971316498,0.0,0.5306324241528234,0.46526237105917756,0.7002749461686775,0.6678439561476746,0.43491374798138666,0.6259009379366167,0.6230107696218059,0.6415389038795889,0.7476202024211169,0.7252234858883713,0.4770408163265307,0.5170731707317072,0.3879530021802976,0.3808504077511694,0.5993589743589742,0.5725878699388265
110,2017-06-30,0.3341417434020829,0.7521165718340881,0.5454545454545454,0.10239583681840503,0.9029121485618128,0.7476323592084684,0.7951768097113394,0.6339789164010785,0.0,0.5455472723571749,0.48073336604540384,0.7084564135517182,0.6842133157571544,0.44972752293728063,0.6360346602298746,0.6372399003144888,0.6473730272526641,0.793826257499247,0.7333978036985895,0.4506802721088434,0.4914634146341462,0.3406852649417317,0.36556106325513665,0.5438034188034189,0.5448571713210169
111,2017-07-31,0.2551069288412309,0.7508275320577673,0.4868035190615836,0.17043678843371923,0.8038246537286184,0.7476323592084684,0.7951768097113394,0.6643785241480753,0.0,0.5809511696477757,0.48029892906666094,0.7139413241415502,0.6915988845765058,0.4611465974884032,0.6432596500672505,0.6445559106665317,0.6669370679942948,0.7753144718272832,0.735349713872242,0.44387755102040805,0.4536585365853658,0.3574011436237522,0.41040222246725133,0.5523504273504274,0.481022223258573
112,2017-08-31,0.31893088147419757,0.754355205281406,0.4545454545454546,0.12967835814222795,0.8590000917692207,0.7476323592084684,0.7951768097113394,0.6790880117675901,0.0,0.5527213203541498,0.4871600217390083,0.7119100923490562,0.6820950655998586,0.4543590300880955,0.6398423138162571,0.6384680552617907,0.6380885721341787,0.7447981507728286,0.7396566469000361,0.40306122448979576,0.44512195121951215,0.36798918723667084,0.4141812870321641,0.5192307692307692,0.4571966959510605
113,2017-09-30,0.33187476180774755,0.7553710577500858,0.4242424242424242,0.1384881396739408,0.8399749058842296,0.7634896749636744,0.7951768097113394,0.6906104437362095,0.0,0.5277248107402751,0.49278233328026844,0.7068266163184422,0.681353751584961,0.4517600423137859,0.6354605325456629,0.6364430707294697,0.6833599624406603,0.7308874897857519,0.7495006462418674,0.3996598639455782,0.4378048780487803,0.34002293626404045,0.30433276673630155,0.4572649572649572,0.4245539786825141
114,2017-10-31,0.3425374810432744,0.7557929389388778,0.42228739002932547,0.09105887128819512,0.9263936852788124,0.7634896749636744,0.7951768097113394,0.711939200784506,0.0,0.5440584671992382,0.4884724988245762,0.7110122333291449,0.6895143018144387,0.4642080543208696,0.642056388748358,0.6434271493727368,0.6525642956104134,0.7517053751169186,0.7533232553707918,0.4005102040816324,0.4304878048780487,0.33773348472442155,0.3102330165395494,0.49572649572649574,0.42286559434976534
115,2017-11-30,0.3521170734735062,0.7603567900885841,0.38989898989898986,0.07794377527193108,0.895893385827168,0.7634896749636744,0.7951768097113394,0.7541063986271141,0.0,0.5706544647241015,0.5128573885080863,0.7357585323858367,0.7098143825859731,0.4902579975884504,0.667270553762908,0.668626731980906,0.6664318759869969,0.7469063342387834,0.761478661107803,0.38265306122448983,0.41707317073170724,0.3094590092507097,0.2583095080401502,0.47649572649572636,0.3895553893488304
116,2017-12-31,0.347685711033219,0.77008864467486,0.36363636363636365,0.09614858294746131,0.8633813263537653,0.7703743924346955,0.8329577903184333,0.7670997793576855,0.0,0.5609868937874843,0.5826676622994552,0.7300237737383333,0.7229121774321141,0.5749967790550463,0.6877405046386864,0.6918284547876703,0.6621674735774234,0.6709082069497297,0.769287503122627,0.3818027210884354,0.4085365853658536,0.2911224784983534,0.17722216889569276,0.3472222222222221,0.3616829440676296
117,2018-01-31,0.29296165554534304,0.7860036057565387,0.3616813294232648,0.3183675966776601,0.7172771681836543,0.7703743924346955,0.8329577903184333,0.7722481000245156,0.0,0.5061166014498121,0.5437763126145653,0.7305246534418481,0.7058969338100389,0.5029089588636655,0.667201922099536,0.6686525314788663,0.696467429888066,0.6143200174040989,0.7672155272204668,0.4319727891156462,0.3999999999999999,0.295057927146931,0.164637298026655,0.44017094017094016,0.358073983279819
118,2018-02-28,0.25183989093018744,0.8040409320890971,0.33333333333333326,0.2503804509518419,0.7514782050648137,0.7703743924346955,0.8329577903184333,0.7685707281196366,0.0,0.5024110315497318,0.5191681947840733,0.7464384177293701,0.7207666102605206,0.5119222281576576,0.6811733033535727,0.679626315942927,0.6976024790290769,0.6085858397859623,0.7757823957433378,0.3767006802721089,0.3829268292682927,0.2999104383166822,0.16884297288548908,0.3899572649572649,0.3332754147183494
119,2018-03-31,0.22077072558526903,0.8102162520333804,0.33333333333333326,0.15346398516641657,0.7773916692317044,0.8194920303920401,0.8329577903184333,0.7634224074528069,0.0,0.49692255728923274,0.5412252278683252,0.7536530985236636,0.7285514892514646,0.506847033081385,0.6848517512389325,0.6846932989688574,0.6769447585875537,0.5735905595249348,0.7858259354509218,0.3537414965986392,0.37560975609756087,0.28370700046520525,0.15858761186182774,0.3536324786324787,0.3306175474103962
120,2018-04-30,0.21913259160260365,0.8221219252541201,0.33232323232323224,0.15535082708777803,0.8534991304484647,0.8194920303920401,0.8329577903184333,0.7700416768815881,0.0,0.460556519874851,0.5159332679200785,0.7519872377275649,0.7270854294990243,0.4914259055029175,0.6791925946790169,0.6788405673497468,0.6865808798249118,0.5725933796584545,0.7911722995297936,0.3392857142857142,0.3621951219512195,0.2632390635071903,0.24759340244957279,0.4059829059829061,0.3245257874606452
121,2018-05-31,0.22303489803264734,0.8286920562411604,0.303030303030303,0.17430437318316472,0.8217573414593922,0.8194920303920401,0.8329577903184333,0.8301054179946061,0.0,0.5031116437293545,0.5114336952976954,0.7522160940396361,0.7213759545413883,0.4813312767285631,0.6764298149240415,0.6762615472021118,0.7039279329776549,0.5737783280096295,0.7985651445764819,0.30612244897959173,0.33780487804878045,0.2740427302739681,0.2317274923081517,0.4230769230769229,0.3002972448914568
122,2018-06-30,0.22855112627396482,0.8327080339558779,0.303030303030303,0.1283794621755826,0.8437444000159804,0.8452851782682662,0.8329577903184333,0.8266732042167195,0.0,0.51552227429101,0.5280964842623095,0.7563434676125222,0.7325878946621993,0.4965377481710291,0.6837836934595727,0.6869917658226063,0.6826403889387926,0.5945843849559086,0.8029795908002857,0.3163265306122449,0.3256097560975608,0.2848518915575664,0.23896624590030163,0.4209401709401708,0.3030856294621428
123,2018-07-31,0.21800117422342805,0.8293913104657817,0.303030303030303,0.17364464769185783,0.7998879871781353,0.8452851782682662,0.8329577903184333,0.8200539347879379,0.0,0.5135771266806158,0.523278692674889,0.7623282702856284,0.7446874192289974,0.5147803629334098,0.6933434286341964,0.6970679370061752,0.6928688880278417,0.5849069490616011,0.8034828389678754,0.3605442176870748,0.3219512195121951,0.28924404827152483,0.29976284430927863,0.41880341880341887,0.3031750964990668
124,2018-08-31,0.21520353139201656,0.8325015075682787,0.303030303030303,0.13364812901569723,0.8417800906319552,0.8452851782682662,0.8329577903184333,0.8153959303750917,0.0,0.5462458764148949,0.5491173837989007,0.7708928346632622,0.7461215554647678,0.5104797344596701,0.6982099012310767,0.6985329181581297,0.7172195853739898,0.6459371077433935,0.8019059739518284,0.3256802721088434,0.31707317073170727,0.2922362507507583,0.2885387219888541,0.4358974358974359,0.30287252909063334
125,2018-09-30,0.23239751730267313,0.8367921714103419,0.303030303030303,0.15674010185318443,0.8419738996192434,0.8624583723022032,0.8329577903184333,0.881833782789899,0.0,0.5796969439170009,0.5405842616296908,0.7573596881804843,0.7372675855535176,0.5074629538390445,0.6876759261564294,0.691088275031498,0.729090099771674,0.6334710634340648,0.8088952134213658,0.3001700680272108,0.31707317073170727,0.2923106319613247,0.18561496094709248,0.41025641025641013,0.3025676779114025
126,2018-10-31,0.2467073119018607,0.8399273732122139,0.303030303030303,0.12689886277842533,0.889780770993263,0.8624583723022032,0.8329577903184333,0.919833292473645,0.0,0.6024410571115774,0.5318135214611154,0.7699414001924063,0.73948952166048,0.5202752389668441,0.7003702220625707,0.6983974202925305,0.7280625692585116,0.6779032687213964,0.8182205419455024,0.28316326530612246,0.30487804878048774,0.2996984737355496,0.15960339434795442,0.3814102564102564,0.3032834712088712
127,2018-11-30,0.2379249821318188,0.8429834848575117,0.303030303030303,0.10543136050786073,0.8044444728399118,0.8624583723022032,0.8329577903184333,0.8744790389801418,0.0,0.651081663368383,0.5625338693724912,0.7827789418257187,0.7662308580936692,0.5520590127743006,0.7187463851224671,0.7215429408473788,0.688319490249272,0.7081022146330667,0.8316160586915566,0.2644557823129252,0.3036585365853658,0.31011251763753866,0.1333195927762368,0.37927350427350426,0.3027654213336507
128,2018-12-31,0.22587293907267916,0.8507467311601151,0.303030303030303,0.17367468986483126,0.8647258827102773,0.8729763963610144,0.905197379995399,0.8301054179946061,0.0,0.6620016927516604,0.6708649386814982,0.776117188628187,0.7798724340789922,0.6385650639189269,0.7390669571154396,0.7499773036901694,0.7983541484643908,0.6759958153666769,0.8409194371379112,0.2585034013605443,0.3182926829268292,0.30582253028853434,0.09773863475367803,0.2905982905982907,0.30174201552547497
129,2019-01-31,0.22212727602771634,0.8664205266909133,0.303030303030303,0.39159869760753363,0.6937015613407751,0.8729763963610144,0.905197379995399,0.8465310125030641,0.0,0.6382331582337927,0.5940173756852836,0.7765648382861299,0.7534472498052343,0.5687331196543066,0.7191442914374373,0.7207157522682901,0.7496558606155157,0.6176442489518269,0.8370734118488454,0.36224489795918347,0.320731707317073,0.30554188865807896,0.1761669665198507,0.4572649572649572,0.30267292731041884
130,2019-02-28,0.2039454067704989,0.8815619463351516,0.303030303030303,0.31879642284546816,0.7449586538721897,0.8729763963610144,0.905197379995399,0.8727629320911983,0.0,0.616252249044361,0.584011400005972,0.7954440984405666,0.7725422712235042,0.5734009696761881,0.7339727365638791,0.7352609966196881,0.7348124311901338,0.6051864446011967,0.8510242957919467,0.310374149659864,0.3219512195121951,0.2960265509538288,0.1604959499288985,0.37606837606837606,0.30302113518695606
131,2019-03-31,0.23058280836842202,0.893057127984088,0.303030303030303,0.2513267078513911,0.7471170801663982,0.9072288207668409,0.905197379995399,0.8916401078695757,0.0,0.6219738570210925,0.5918092634625065,0.8127822800423141,0.7929117488812432,0.5784443702035917,0.7478100728927977,0.7492763419919548,0.7395263766612261,0.6046377361827106,0.8572306752847325,0.2967687074829932,0.31951219512195117,0.2805324778028736,0.2106354260867705,0.38888888888888884,0.30287798608885075
132,2019-04-30,0.23516573097548696,0.9062327110418047,0.303030303030303,0.21714460159408144,0.7164442444111896,0.9072288207668409,0.905197379995399,0.9323363569502328,0.0,0.6340360021445154,0.592153851567173,0.8161705730307967,0.8028660715851845,0.5772785620244858,0.7498905887491782,0.7568745086436308,0.768547951181257,0.6199214583916803,0.8604224819952349,0.31292517006802734,0.3182926829268292,0.2762779837557743,0.2466286015903862,0.3717948717948718,0.30287035580179067
133,2019-05-31,0.24344335067557973,0.9146231959317412,0.303030303030303,0.23155538615629345,0.7478682394580112,0.9072288207668409,0.905197379995399,0.9784260848247115,0.0,0.7002820724338302,0.6233624968899498,0.8228560417730311,0.7962729377988529,0.5668401351187531,0.7516366632287117,0.7538481573941811,0.7999797063206104,0.6762050695308339,0.8774868070803519,0.24744897959183643,0.3134146341463414,0.2779889530898467,0.2243914681865649,0.4113247863247862,0.3036239268971377
134,2019-06-30,0.25907692233604906,0.9218114488024001,0.303030303030303,0.15354382184199145,0.803015116765426,0.952090973898889,0.905197379995399,0.9313557244422648,0.0,0.6806939119902377,0.6463000937749066,0.8300679397434612,0.8116681724006622,0.5944808449088526,0.7647964828317357,0.7701364561805673,0.8141492946082962,0.6122902317205394,0.8858146745556243,0.23214285714285698,0.3158536585365852,0.2546381114613945,0.22201586579983779,0.32692307692307687,0.3039351129462401
135,2019-07-31,0.3071173483686013,0.9277089585619667,0.303030303030303,0.2442034811884557,0.7387560776054012,0.952090973898889,0.905197379995399,0.9482716352047071,0.0,0.6566787192090676,0.6281576843555416,0.8390451707395592,0.8160014915267735,0.6037026230028602,0.7738772423034697,0.7778100859800703,0.782586587184003,0.6591060195439475,0.8906780189456631,0.21173469387755106,0.30975609756097555,0.24861265006893207,0.19752955199483832,0.4134615384615383,0.3034944270384031
136,2019-08-31,0.302418046816173,0.9300233403058971,0.303030303030303,0.24989204886129168,0.7326880485964162,0.952090973898889,0.905197379995399,0.9539102721255208,0.0,0.7476003143390187,0.6260839258827685,0.8417297115078253,0.8260347157913175,0.6179893730551047,0.7799346761132278,0.784626944209784,0.781987186310118,0.663986318397717,0.9001937950331151,0.14370748299319724,0.30487804878048774,0.26268662633556183,0.21256416717217064,0.3450854700854702,0.3047451223396749
137,2019-09-30,0.3112133521697784,0.9361871689423107,0.303030303030303,0.20930256689159654,0.7442092642727434,0.9760679661864085,0.905197379995399,0.9892130424123557,0.0,0.7425796038525857,0.6322050952656001,0.8404853917129473,0.8340222675306199,0.619548074897549,0.7794983436823801,0.7919110725415364,0.808889248743518,0.6928904664349604,0.9143706700158791,0.11564625850340127,0.3109756097560975,0.25844933270419074,0.20211330375048778,0.3322649572649572,0.3031387317406391
138,2019-10-31,0.3165159514734578,0.9404760288882361,0.303030303030303,0.1822186940292877,0.8156934384087959,0.9760679661864085,0.905197379995399,0.9889678842853638,0.0,0.7576588908991387,0.6699426975764396,0.8518314520269881,0.8308449674551659,0.6262125016927758,0.7895285938692147,0.7957725919515315,0.8116341273368783,0.6077694685398728,0.9234684738260384,0.11394557823129237,0.30243902439024384,0.26383171927294635,0.17408656917811033,0.3344017094017093,0.3031893645953475
139,2019-11-30,0.314817086408959,0.943318334777421,0.303030303030303,0.14034912514163866,0.8204255564349432,0.9760679661864085,0.905197379995399,0.9882324099043882,0.0,0.7434775566004946,0.6969875649956496,0.8735936495650456,0.8672853554895472,0.6744987008845065,0.8190584310153339,0.8276624537985147,0.7998254022510725,0.6269294008376692,0.9407026811094747,0.10714285714285698,0.30487804878048774,0.2784971748535928,0.18673847970088006,0.3023504273504274,0.3029570083479234
140,2019-12-31,0.3096522690750777,0.9503688455347841,0.303030303030303,0.16025338728969196,0.8028751821979889,0.9961464379716027,1.0,1.0,0.0,0.7330449336392241,0.7855921766487309,0.8692538513161321,0.8549870286169912,0.7314914594053701,0.8324813187810136,0.8358747965295266,0.8690536831781948,0.5402031246639769,0.9380564630787269,0.11649659863945572,0.3158536585365852,0.27334704690784883,0.15408746293230746,0.24572649572649574,0.30322376443681054
141,2020-01-31,0.28530365340263275,0.9618441252814187,0.303030303030303,0.40524677375835216,0.6451695218381124,0.9961464379716027,1.0,0.9784260848247115,0.0,0.7032640410926413,0.7178853399184038,0.8755705475426487,0.8498891992944606,0.6633852270141689,0.8172480115323597,0.8207555593051765,0.8596823292307731,0.5696494704541638,0.9400109150124438,0.1556122448979591,0.3182926829268292,0.2644951905019354,0.11328766052464989,0.3536324786324787,0.30289848857759394
142,2020-02-29,0.2983822390212183,0.9801242844122773,0.303030303030303,0.3462190429669908,0.7008572940109228,0.9961464379716027,1.0,0.9485167933316987,0.0,0.747744506291841,0.7044017454612324,0.8907948886228221,0.8738099070545984,0.6715680365693026,0.8304865805514399,0.8375158705658836,0.8366970903382343,0.6162471006727597,0.9547743141052436,0.12414965986394555,0.3085365853658536,0.2519781403329647,0.10275543145661553,0.2959401709401708,0.30297217552889155
143,2020-03-31,0.316558757522327,0.9956626946339995,0.29912023460410553,0.3801613965450521,0.5106758700044471,0.9999999999999998,1.0,0.8864917872027456,0.0,0.9553050494980598,0.7478707295409938,0.9289237187777768,0.9423324021501345,0.813291264294856,0.8987829526379223,0.8999622278661223,0.9802143746177658,0.8583645312213324,0.9773631849227955,0.1411564625850339,0.3134146341463414,0.29714973227713015,0.31722306502261505,0.1976495726495726,0.29120873125962565
144,2020-04-30,0.2698051883339069,1.0,0.24242424242424246,0.8888997103638534,0.0,0.9999999999999998,1.0,0.7925962245648441,0.0,1.0,0.841233819419749,0.9624691244344343,0.9657381878943712,0.8331568534714717,0.9284849630659762,0.9295497470665239,1.0,0.8566178755747602,0.9939650257803012,0.2057823129251699,0.31951219512195117,0.22908579534733253,0.273150415941294,0.09722222222222221,0.23266151135886526
145,2020-05-31,0.18254238233586992,0.9911850284833479,0.18768328445747803,1.0,0.09125146890524061,0.9999999999999998,1.0,0.8269183623437115,0.0,0.9469059958255409,0.7795494345612562,0.9760021600173887,0.9658516940559689,0.8321342152631792,0.9378479528136818,0.9358139000036911,0.8728524185337905,0.7949324672563697,0.9992656377717524,0.0748299319727892,0.2878048780487804,0.12890566987994118,0.28245522880216534,0.17200854700854684,0.1786765843487692
146,2020-06-30,0.09415324217696044,0.9808056626989607,0.12121212121212124,0.8890439395679792,0.22589727297190443,0.6456606499336794,1.0,0.8759499877420933,0.0,0.8771599750034188,0.7951394454186277,0.9838932375668084,0.9764149063836014,0.8687415950121236,0.9540917160201963,0.9498019870635863,0.7158739368970406,0.776062375283085,0.9989680001963681,0.07057823129251695,0.22317073170731702,0.08293998584675694,0.3229107045780106,0.1730769230769229,0.12102571217495395
147,2020-07-31,0.06443781812753233,0.9808446809021567,0.09090909090909091,0.91813139221567,0.17782889308379923,0.6456606499336794,1.0,0.9190978180926694,0.0,0.8576786945389306,0.8039047193471714,1.0,0.9747826582324997,0.8486569430486659,0.959766239562819,0.9526525286957324,0.7047517332952409,0.7214560408391016,0.9924682686771629,0.0663265306122447,0.17195121951219508,0.03157336819180051,0.20781853914553494,0.16559829059829068,0.08929889343043246
148,2020-08-31,0.05198660866268687,0.9806935835649484,0.06256109481915936,0.6724276238925495,0.3918122071322272,0.6456606499336794,1.0,0.9637165972051971,0.0,0.9134261632600492,0.8044202433265372,0.9866667162439586,0.9726596237391982,0.8651770502201108,0.9550380765881155,0.9514090047340391,0.6892372389803814,0.6981984062602382,0.9873536337377693,0.08163265306122458,0.10487804878048781,0.030670845755863263,0.14932987491786856,0.11752136752136755,0.0571762841922166
149,2020-09-30,0.0639348470533185,0.9893886199335218,0.027272727272727282,0.6025213842614305,0.4566850096957311,0.7802917236417997,1.0,0.9507232164746258,0.0,0.8988119497199912,0.8127743957296266,0.9823912786970033,0.9659551438106904,0.8651682039794222,0.9519838500037583,0.9511648109761774,0.681540963004083,0.6730672695139794,0.9880484030141234,0.026360544217687076,0.05609756097560978,0.006844725234206955,0.07361287804619884,0.08333333333333326,0.02570021125421476
150,2020-10-31,0.03460200206565939,0.9878223925958385,0.0,0.5231082164790839,0.5854227356961257,0.7802917236417997,1.0,0.9688649178720272,0.0,0.9360364801158435,0.8344985929873182,0.9869467643301142,0.9774684702626637,0.884908286864873,0.9609574581721929,0.9593937281004692,0.6896825698598128,0.6357869395155766,0.9933538754185234,0.006802721088435382,0.012195121951219495,0.0,0.0,0.11217948717948723,0.0
151,2020-11-30,0.0,0.9837016513509318,0.0,0.4281560880215798,0.5874388821118091,0.7802917236417997,1.0,0.9693552341260112,0.0,0.8700433134515785,0.8566469181411006,0.9868655168632925,0.9834180853216214,0.9051649222613518,0.9667712565580688,0.9698491745258999,0.686324366204035,0.5533082483152286,0.9998240168079107,0.006802721088435382,0.003658536585365857,0.00035000212563418565,0.009254852668788026,0.079059829059829,4.933172035501143e-05
152,2020-12-31,0.016183361850633904,0.9941456983177983,0.0,0.43244641103038384,0.5968009251260882,0.9897652582134351,0.7972048773226148,0.9742583966658489,0.0,0.7722753362939317,0.9999999999999999,0.9949058307063445,1.0,1.0,1.0,1.0,0.738698363380371,0.456903110546914,1.0,0.0,0.0,0.00042428133391500533,0.01806009158187321,0.0,0.0006133470444047162
