"Fecha";"Miles de millones COP"
"1982/01/09";133,458
"1982/01/16";129,224
"1982/01/23";132,232
"1982/01/30";131,813
"1982/02/06";137,488
"1982/02/13";129,847
"1982/02/20";135,264
"1982/02/27";134,993
"1982/03/06";135,189
"1982/03/13";133,532
"1982/03/20";133,585
"1982/03/27";139,844
"1982/04/03";132,198
"1982/04/10";130,424
"1982/04/17";135,017
"1982/04/24";137,603
"1982/05/01";135,303
"1982/05/08";133,489
"1982/05/15";128,149
"1982/05/22";132,196
"1982/05/29";134,082
"1982/06/05";130,355
"1982/06/12";130,617
"1982/06/19";130,279
"1982/06/26";140,522
"1982/07/03";136,265
"1982/07/10";133,434
"1982/07/17";124,08
"1982/07/24";131,613
"1982/07/31";132,116
"1982/08/07";127,762
"1982/08/14";128,143
"1982/08/21";125,541
"1982/08/28";129,368
"1982/09/04";124,902
"1982/09/11";126,734
"1982/09/18";125,717
"1982/09/25";129,135
"1982/10/02";126,719
"1982/10/09";124,659
"1982/10/16";125,952
"1982/10/23";128,127
"1982/10/30";127,215
"1982/11/06";128,4
"1982/11/13";131,556
"1982/11/20";134,274
"1982/11/27";140,554
"1982/12/04";139,779
"1982/12/11";139,118
"1982/12/18";142,031
"1982/12/25";139,918
"1982/12/31";129,286
"1983/01/08";152,16
"1983/01/15";155,331
"1983/01/22";155,094
"1983/01/29";145,578
"1983/02/05";145,439
"1983/02/12";150,453
"1983/02/19";151,348
"1983/02/26";154,005
"1983/03/05";144,744
"1983/03/12";145,303
"1983/03/19";138,46
"1983/03/26";142,274
"1983/04/02";132,736
"1983/04/09";137,692
"1983/04/16";135,133
"1983/04/23";136,007
"1983/04/30";139,806
"1983/05/07";136,193
"1983/05/14";136,881
"1983/05/21";137,865
"1983/05/28";142,554
"1983/06/04";134,947
"1983/06/11";132,988
"1983/06/18";133,322
"1983/06/25";140,503
"1983/07/02";135,054
"1983/07/09";140,929
"1983/07/16";145,697
"1983/07/23";141,515
"1983/07/30";146,812
"1983/08/06";149,474
"1983/08/13";146,735
"1983/08/20";150,69
"1983/08/27";154,043
"1983/09/03";150,8
"1983/09/10";151,157
"1983/09/17";148,368
"1983/09/24";146,02
"1983/10/01";153,195
"1983/10/08";151,844
"1983/10/15";152,364
"1983/10/22";151,846
"1983/10/29";152,981
"1983/11/05";150,552
"1983/11/12";152,271
"1983/11/19";155,136
"1983/11/26";152,456
"1983/12/03";148,308
"1983/12/10";144,133
"1983/12/17";145,547
"1983/12/24";140,597
"1983/12/31";122,938
"1984/01/07";157,376
"1984/01/14";161,104
"1984/01/21";159,216
"1984/01/28";160,524
"1984/02/04";155,597
"1984/02/11";152,917
"1984/02/18";149,904
"1984/02/25";155,022
"1984/03/03";143,445
"1984/03/10";146,314
"1984/03/17";148,407
"1984/03/24";148,655
"1984/03/31";146,641
"1984/04/07";138,766
"1984/04/14";138,06
"1984/04/21";136,406
"1984/04/28";151,184
"1984/05/05";144,275
"1984/05/12";135,61
"1984/05/19";143,252
"1984/05/26";146,444
"1984/06/02";139,043
"1984/06/09";134,563
"1984/06/16";136,771
"1984/06/23";142,986
"1984/06/30";142,669
"1984/07/07";141,617
"1984/07/14";142,485
"1984/07/21";142,228
"1984/07/28";146,965
"1984/08/04";143,137
"1984/08/11";136,33
"1984/08/18";135,807
"1984/08/25";140,783
"1984/09/01";132,525
"1984/09/08";124,407
"1984/09/15";125,503
"1984/09/22";119,335
"1984/09/29";128,52
"1984/10/06";122,594
"1984/10/13";120,653
"1984/10/20";126,347
"1984/10/27";127,721
"1984/11/03";124,158
"1984/11/10";121,498
"1984/11/17";123,993
"1984/11/24";128,54
"1984/12/01";130,753
"1984/12/08";121,433
"1984/12/15";137,583
"1984/12/22";142,006
"1984/12/29";126,562
"1985/01/05";149,753
"1985/01/12";158,421
"1985/01/19";157,228
"1985/01/26";164,373
"1985/02/02";161,342
"1985/02/09";160,014
"1985/02/16";159,667
"1985/02/23";166,156
"1985/03/02";166,917
"1985/03/09";171,016
"1985/03/16";171,561
"1985/03/23";174,363
"1985/03/30";171,052
"1985/04/06";166,501
"1985/04/13";163,897
"1985/04/20";159,557
"1985/04/27";160,145
"1985/05/04";156,938
"1985/05/11";156,631
"1985/05/18";151,431
"1985/05/25";161,647
"1985/06/01";155,515
"1985/06/08";151,201
"1985/06/15";146
"1985/06/22";158,577
"1985/06/29";155,604
"1985/07/06";154,475
"1985/07/13";165,26
"1985/07/20";170,33
"1985/07/27";177,477
"1985/08/03";171,685
"1985/08/10";167,558
"1985/08/17";166,418
"1985/08/24";175,053
"1985/08/31";181,098
"1985/09/07";164,352
"1985/09/14";167,048
"1985/09/21";176,265
"1985/09/28";174,944
"1985/10/05";175,25
"1985/10/12";165,275
"1985/10/19";165,72
"1985/10/26";168,842
"1985/11/02";165,629
"1985/11/09";158,193
"1985/11/16";163,769
"1985/11/23";177,281
"1985/11/30";191,785
"1985/12/07";182,967
"1985/12/14";184,096
"1985/12/21";191,063
"1985/12/28";165,569
"1986/01/04";208,151
"1986/01/11";232,796
"1986/01/18";237,101
"1986/01/25";240,874
"1986/02/01";242,939
"1986/02/08";229,631
"1986/02/15";242,177
"1986/02/22";249,918
"1986/03/01";238,097
"1986/03/08";233,147
"1986/03/15";233,017
"1986/03/22";230,75
"1986/03/29";242,241
"1986/04/05";234,49
"1986/04/12";236,505
"1986/04/19";225,403
"1986/04/26";229,246
"1986/05/03";223,428
"1986/05/10";227,226
"1986/05/17";232,107
"1986/05/24";241,309
"1986/05/31";229,186
"1986/06/07";228,755
"1986/06/14";226,413
"1986/06/21";234,38
"1986/06/28";222,562
"1986/07/05";225,866
"1986/07/12";239,004
"1986/07/19";241,565
"1986/07/26";245,11
"1986/08/02";229,65
"1986/08/09";224,264
"1986/08/16";213,81
"1986/08/23";229,007
"1986/08/30";213,184
"1986/09/06";211,424
"1986/09/13";216,082
"1986/09/20";216,572
"1986/09/27";224,195
"1986/10/04";214,992
"1986/10/11";210,691
"1986/10/18";213,56
"1986/10/25";223,926
"1986/11/01";219,116
"1986/11/08";229,7
"1986/11/15";231,723
"1986/11/22";226,543
"1986/11/29";245,094
"1986/12/06";232,423
"1986/12/13";242,247
"1986/12/20";252,879
"1986/12/30";239,361
"1987/01/10";243,187
"1987/01/17";256,599
"1987/01/24";271,185
"1987/01/31";261,92
"1987/02/07";270,625
"1987/02/14";284,311
"1987/02/21";270,871
"1987/02/28";283,436
"1987/03/07";275,837
"1987/03/14";265,541
"1987/03/21";276,484
"1987/03/28";298,544
"1987/04/04";287,663
"1987/04/11";292,069
"1987/04/18";289,601
"1987/04/25";312,51
"1987/05/02";280,936
"1987/05/09";308,201
"1987/05/16";300,146
"1987/05/23";309,194
"1987/05/30";308,586
"1987/06/06";305,06
"1987/06/13";310,509
"1987/06/20";320,169
"1987/06/27";331,306
"1987/07/04";329,27
"1987/07/11";329,739
"1987/07/18";328,824
"1987/07/25";326,624
"1987/08/01";325,229
"1987/08/08";313,376
"1987/08/15";327,509
"1987/08/22";329,556
"1987/08/29";335,907
"1987/09/05";332,334
"1987/09/12";325,544
"1987/09/19";330,614
"1987/09/26";329,208
"1987/10/03";308,076
"1987/10/10";315,535
"1987/10/17";324,51
"1987/10/24";328,125
"1987/10/31";315,505
"1987/11/07";315,869
"1987/11/14";313,471
"1987/11/21";303,413
"1987/11/28";320,849
"1987/12/05";332,676
"1987/12/12";339,063
"1987/12/19";350,45
"1987/12/26";334,221
"1987/12/31";304,076
"1988/01/09";349,418
"1988/01/16";341,746
"1988/01/23";344,427
"1988/01/30";331,559
"1988/02/06";334,498
"1988/02/13";343,545
"1988/02/20";347,218
"1988/02/27";333,829
"1988/03/05";337,246
"1988/03/12";327,898
"1988/03/19";309,91
"1988/03/26";358,282
"1988/04/02";344,899
"1988/04/09";354,295
"1988/04/16";333,617
"1988/04/23";359,673
"1988/04/30";336,471
"1988/05/07";366,854
"1988/05/14";341,086
"1988/05/21";368,798
"1988/05/28";367,31
"1988/06/04";342,041
"1988/06/11";354,674
"1988/06/18";342,69
"1988/06/25";365,763
"1988/07/02";350,278
"1988/07/09";374,662
"1988/07/16";343,759
"1988/07/23";386,126
"1988/07/30";370,481
"1988/08/06";385,543
"1988/08/13";366,966
"1988/08/20";390,688
"1988/08/27";394,248
"1988/09/03";362,059
"1988/09/10";385,563
"1988/09/17";350,177
"1988/09/24";392,537
"1988/10/01";359,49
"1988/10/08";379,484
"1988/10/15";366,388
"1988/10/22";382,448
"1988/10/29";387,13
"1988/11/05";371,238
"1988/11/12";395,2
"1988/11/19";392,667
"1988/11/26";416,369
"1988/12/03";415,984
"1988/12/10";421,697
"1988/12/17";407,176
"1988/12/24";417,801
"1988/12/31";393,991
"1989/01/07";450,936
"1989/01/14";469,975
"1989/01/21";472,384
"1989/01/28";490,749
"1989/02/04";485,358
"1989/02/11";508,746
"1989/02/18";492,473
"1989/02/25";509,852
"1989/03/04";491,597
"1989/03/11";515,057
"1989/03/18";462,573
"1989/03/25";492,149
"1989/04/01";502,878
"1989/04/08";500,112
"1989/04/15";525,201
"1989/04/22";506,509
"1989/04/29";523,453
"1989/05/06";508,78
"1989/05/13";530,369
"1989/05/20";540,16
"1989/05/27";542,657
"1989/06/03";513,188
"1989/06/10";548,544
"1989/06/17";485,395
"1989/06/24";538,128
"1989/07/01";506,078
"1989/07/08";533,6
"1989/07/15";522,957
"1989/07/22";561,784
"1989/07/29";582,244
"1989/08/05";553,165
"1989/08/12";578,161
"1989/08/19";557,078
"1989/08/26";588,077
"1989/09/02";536,987
"1989/09/09";545,05
"1989/09/16";501,018
"1989/09/23";532,045
"1989/09/30";503,433
"1989/10/07";491,63
"1989/10/14";494,197
"1989/10/21";473,258
"1989/10/28";518,366
"1989/11/04";460,673
"1989/11/11";456,595
"1989/11/18";449,897
"1989/11/25";532,374
"1989/12/02";501,65
"1989/12/09";527,503
"1989/12/16";524,422
"1989/12/23";514,598
"1989/12/30";528,955
"1990/01/06";563,773
"1990/01/13";580,795
"1990/01/20";555,096
"1990/01/27";579,439
"1990/02/03";521,333
"1990/02/10";567,362
"1990/02/17";534,518
"1990/02/24";594,323
"1990/03/03";544,17
"1990/03/10";542,916
"1990/03/17";487,746
"1990/03/24";562,534
"1990/03/31";572,615
"1990/04/07";561,038
"1990/04/14";561,155
"1990/04/21";581,127
"1990/04/28";586,149
"1990/05/05";593,163
"1990/05/12";568,967
"1990/05/19";543,607
"1990/05/26";585,471
"1990/06/02";552,822
"1990/06/09";606,531
"1990/06/16";553,317
"1990/06/23";626,079
"1990/06/30";573,721
"1990/07/07";578,564
"1990/07/14";594,544
"1990/07/21";622,914
"1990/07/28";649,923
"1990/08/04";638,572
"1990/08/11";670,539
"1990/08/18";636,29
"1990/08/25";669,58
"1990/09/01";608,85
"1990/09/08";601,416
"1990/09/15";623,684
"1990/09/22";628,552
"1990/09/29";626,242
"1990/10/06";660,832
"1990/10/13";668,715
"1990/10/20";660,037
"1990/10/27";684,897
"1990/11/03";629,551
"1990/11/10";693,708
"1990/11/17";684,67
"1990/11/24";674,144
"1990/12/01";692,306
"1990/12/08";697,659
"1990/12/15";679,008
"1990/12/22";711,544
"1990/12/29";676,148
"1991/01/05";798,592
"1991/01/12";863,437
"1991/01/19";823,304
"1991/01/26";871,798
"1991/02/02";853,102
"1991/02/09";908,082
"1991/02/16";822,666
"1991/02/23";812,276
"1991/03/02";791,168
"1991/03/09";779,969
"1991/03/16";728,393
"1991/03/23";662,221
"1991/03/30";699,021
"1991/04/06";733,475
"1991/04/13";764,389
"1991/04/20";705,442
"1991/04/27";718,384
"1991/05/04";793,741
"1991/05/11";807,547
"1991/05/18";828,86
"1991/05/25";860,289
"1991/06/01";752,841
"1991/06/08";837,544
"1991/06/15";734,118
"1991/06/22";795,085
"1991/06/29";711,146
"1991/07/06";766,816
"1991/07/13";750,935
"1991/07/20";701,273
"1991/07/27";770,031
"1991/08/03";732,361
"1991/08/10";687,306
"1991/08/17";639,603
"1991/08/24";770,286
"1991/08/31";795,553
"1991/09/07";800,501
"1991/09/14";766,989
"1991/09/21";830,051
"1991/09/28";906,57
"1991/10/05";911,505
"1991/10/12";999,592
"1991/10/19";951,839
"1991/10/26";956,008
"1991/11/02";948,786
"1991/11/09";1044,604
"1991/11/16";1088,105
"1991/11/23";1110,031
"1991/11/30";1144,099
"1991/12/07";1190,288
"1991/12/14";1219,914
"1991/12/21";1165,717
"1991/12/30";1257,471
"1992/01/04";1300,962
"1992/01/11";1244,383
"1992/01/18";1118,818
"1992/01/25";1190,907
"1992/02/01";1194,658
"1992/02/08";1260,702
"1992/02/15";1145,764
"1992/02/22";1221,766
"1992/02/29";1347,736
"1992/03/07";1344,588
"1992/03/14";1267,473
"1992/03/21";1319,015
"1992/03/28";1417,855
"1992/04/04";1399,208
"1992/04/11";1313,465
"1992/04/18";1292,107
"1992/04/25";1430,141
"1992/05/02";1518,118
"1992/05/09";1345,281
"1992/05/16";1439,257
"1992/05/23";1454,828
"1992/05/30";1534,956
"1992/06/06";1606,426
"1992/06/13";1568,472
"1992/06/20";1486,404
"1992/06/27";1655,931
"1992/07/04";1630,459
"1992/07/11";1651,225
"1992/07/18";1499,796
"1992/07/25";1665,512
"1992/08/01";1631,948
"1992/08/08";1573,296
"1992/08/15";1563,26
"1992/08/22";1577,135
"1992/08/29";1670,665
"1992/09/05";1539,102
"1992/09/12";1579,761
"1992/09/19";1595,888
"1992/09/26";1700,983
"1992/10/03";1594,407
"1992/10/10";1661,448
"1992/10/17";1587,091
"1992/10/24";1633,051
"1992/10/31";1691,874
"1992/11/07";1703,282
"1992/11/14";1686,471
"1992/11/21";1776,796
"1992/11/28";1833,967
"1992/12/05";1818,503
"1992/12/12";1921,098
"1992/12/19";1834,952
"1992/12/30";1905,998
"1993/01/09";1950,316
"1993/01/16";1799,41
"1993/01/23";1968,993
"1993/01/30";1893,836
"1993/02/06";2001,347
"1993/02/13";1977,172
"1993/02/20";1844,552
"1993/02/27";1947,769
"1993/03/06";1850,883
"1993/03/13";1843,015
"1993/03/20";1822,122
"1993/03/27";2015,915
"1993/04/03";1959,269
"1993/04/10";1966,839
"1993/04/17";1847,096
"1993/04/24";1939,761
"1993/05/01";2029,589
"1993/05/08";2031,032
"1993/05/15";1961,925
"1993/05/22";1964,71
"1993/05/29";2201,692
"1993/06/05";2236,551
"1993/06/12";2167,169
"1993/06/19";2021,819
"1993/06/26";2231,711
"1993/07/03";2263,378
"1993/07/10";2220,222
"1993/07/17";2133,997
"1993/07/24";2391,586
"1993/07/31";2243,875
"1993/08/07";2344,69
"1993/08/14";2092,952
"1993/08/21";2217,773
"1993/08/28";2419,592
"1993/09/04";2229,509
"1993/09/11";2131,49
"1993/09/18";2144,481
"1993/09/25";2458,207
"1993/10/02";2231,755
"1993/10/09";2265,181
"1993/10/16";2253,525
"1993/10/23";2192,677
"1993/10/30";2346,337
"1993/11/06";2293,307
"1993/11/13";2459,83
"1993/11/20";2390,473
"1993/11/27";2560,977
"1993/12/04";2511,601
"1993/12/11";2599,148
"1993/12/18";2495,558
"1993/12/25";2522,943
"1994/01/01";2670,528
"1994/01/08";2752,496
"1994/01/15";2598,633
"1994/01/22";2706,941
"1994/01/29";2671,374
"1994/02/05";2808,497
"1994/02/12";2654,708
"1994/02/19";2574,852
"1994/02/26";2760,268
"1994/03/05";2748,557
"1994/03/12";2599,681
"1994/03/19";2611,195
"1994/03/26";2835,717
"1994/04/02";2791,813169
"1994/04/09";2584,146169
"1994/04/16";2625,621169
"1994/04/23";2708,590169
"1994/04/30";2753,847
"1994/05/07";2833,803
"1994/05/14";2714,638
"1994/05/21";2842,298
"1994/05/28";2843,904
"1994/06/04";2765,093
"1994/06/11";2944,332
"1994/06/18";2845,992
"1994/06/25";3051,21
"1994/07/02";2843,213
"1994/07/09";2980,904012
"1994/07/16";2611,962012
"1994/07/23";3049,821012
"1994/07/30";3016,783012
"1994/08/06";2991,921004
"1994/08/13";3038,704004
"1994/08/20";3054,846004
"1994/08/27";3098,549004
"1994/09/03";2801,929004
"1994/09/10";2864,434005
"1994/09/17";2855,874005
"1994/09/24";3007,532005
"1994/10/01";2964,835005
"1994/10/08";3011,639055
"1994/10/15";3038,870055
"1994/10/22";2988,176055
"1994/10/29";3018,283055
"1994/11/05";2933,354
"1994/11/12";3015,723
"1994/11/19";2907,127
"1994/11/26";3260,846
"1994/12/03";3120,072
"1994/12/10";3373,748036
"1994/12/17";3369,731036
"1994/12/24";3317,094036
"1994/12/31";3364,439036
"1995/01/07";3302,002001
"1995/01/14";3144,484001
"1995/01/21";3084,959001
"1995/01/28";3332,528001
"1995/02/04";3290,603
"1995/02/11";3400,922
"1995/02/18";3183,2
"1995/02/25";3416,26
"1995/03/04";3298,757
"1995/03/11";3284,797
"1995/03/18";3188,263
"1995/03/25";3330,68
"1995/04/01";3146,216
"1995/04/08";3240,252
"1995/04/15";3275,852
"1995/04/22";3467,128
"1995/04/29";3453,29
"1995/05/06";3357,734
"1995/05/13";3264,204
"1995/05/20";3346,963
"1995/05/27";3461,775
"1995/06/03";3502,244132
"1995/06/10";3536,442132
"1995/06/17";3370,730132
"1995/06/24";3664,395132
"1995/07/01";3431,021132
"1995/07/08";3384,718002
"1995/07/15";3287,023002
"1995/07/22";3295,446002
"1995/07/29";3422,654002
"1995/08/05";3337,611085
"1995/08/12";3527,764085
"1995/08/19";3304,147085
"1995/08/26";3343,940085
"1995/09/02";3289,036085
"1995/09/09";3344,103
"1995/09/16";3299,545
"1995/09/23";3298,558
"1995/09/30";3473,908
"1995/10/07";3400,742001
"1995/10/14";3450,853001
"1995/10/21";3460,885001
"1995/10/28";3540,307001
"1995/11/04";3323,426003
"1995/11/11";3549,831003
"1995/11/18";3236,054003
"1995/11/25";3565,300003
"1995/12/02";3496,832003
"1995/12/09";3709,484
"1995/12/16";3195,058
"1995/12/23";3225,275
"1995/12/30";3393,787
"1996/01/06";3424,493
"1996/01/13";3584,661
"1996/01/20";3370,701
"1996/01/27";3422,397
"1996/02/03";3580,618
"1996/02/10";3621,868017
"1996/02/17";3595,590017
"1996/02/24";3579,037017
"1996/03/02";3299,048017
"1996/03/09";3634,557036
"1996/03/16";3621,657036
"1996/03/23";3717,773036
"1996/03/30";3865,453036
"1996/04/06";3671,799
"1996/04/13";3686,774
"1996/04/20";3511,215
"1996/04/27";3672,759
"1996/05/04";3536,733104
"1996/05/11";3598,490104
"1996/05/18";3345,656104
"1996/05/25";3591,543104
"1996/06/01";3506,735104
"1996/06/08";3582,551256
"1996/06/15";3541,106256
"1996/06/22";3494,067256
"1996/06/29";3403,779256
"1996/07/06";3378,363005
"1996/07/13";3479,466005
"1996/07/20";3452,103005
"1996/07/27";3435,019005
"1996/08/03";3444,275005
"1996/08/10";3526,511019
"1996/08/17";3201,254019
"1996/08/24";3643,671019
"1996/08/31";3388,495019
"1996/09/07";3194,627035
"1996/09/14";3400,168035
"1996/09/21";3373,759035
"1996/09/28";3490,472035
"1996/10/05";3282,747
"1996/10/12";3399,32
"1996/10/19";3170,464
"1996/10/26";3412,359
"1996/11/02";3085,246
"1996/11/09";3207,743
"1996/11/16";3185,862
"1996/11/23";3269,402
"1996/11/30";3067,267
"1996/12/07";3386,993003
"1996/12/14";3396,409003
"1996/12/21";3420,266003
"1996/12/28";3387,465003
"1997/01/04";3624,319002
"1997/01/11";3329,707002
"1997/01/18";3272,113002
"1997/01/25";3397,593002
"1997/02/01";3338,579002
"1997/02/08";3433,261013
"1997/02/15";3224,792013
"1997/02/22";3346,280013
"1997/03/01";3278,268013
"1997/03/08";3408,069049
"1997/03/15";3457,518049
"1997/03/22";3610,022049
"1997/03/29";3299,168049
"1997/04/05";3392,024018
"1997/04/12";3511,973018
"1997/04/19";3290,205018
"1997/04/26";3730,073018
"1997/05/03";3448,376018
"1997/05/10";3489,913
"1997/05/17";3407,815
"1997/05/24";3451,424
"1997/05/31";3404,12
"1997/06/07";3669,905
"1997/06/14";3316,923
"1997/06/21";3512,579
"1997/06/28";3628,059
"1997/07/05";3478,186044
"1997/07/12";3500,272044
"1997/07/19";3432,637044
"1997/07/26";3760,051044
"1997/08/02";3583,346044
"1997/08/09";3437,128394
"1997/08/16";3360,146394
"1997/08/23";3707,481394
"1997/08/30";3657,752394
"1997/09/06";3482,382
"1997/09/13";3367,609
"1997/09/20";3484,168
"1997/09/27";3792,732
"1997/10/04";3621,534002
"1997/10/11";3559,200002
"1997/10/18";3394,033002
"1997/10/25";3621,425002
"1997/11/01";3543,214002
"1997/11/08";3843,924
"1997/11/15";3771,262
"1997/11/22";3706,077
"1997/11/29";3900,673
"1997/12/06";4018,250035
"1997/12/13";4224,729035
"1997/12/20";4142,722035
"1997/12/30";4184,755035
"1998/01/10";3965,113
"1998/01/17";4094,483
"1998/01/24";3947,902
"1998/01/31";3986,57
"1998/02/07";3966,104074
"1998/02/14";4064,773074
"1998/02/21";3765,937074
"1998/02/28";4044,717074
"1998/03/07";3836,487
"1998/03/14";3962,269
"1998/03/21";4065,984
"1998/03/28";4101,216
"1998/04/04";3979,579078
"1998/04/11";4286,787078
"1998/04/18";3723,299078
"1998/04/25";4192,052078
"1998/05/02";4019,115078
"1998/05/09";4095,781733
"1998/05/16";4226,342733
"1998/05/23";3940,106733
"1998/05/30";3755,322733
"1998/06/06";3738,66157
"1998/06/13";4078,59157
"1998/06/20";3881,59257
"1998/06/27";3803,51357
"1998/07/04";3794,383
"1998/07/11";4098,374
"1998/07/18";3748,726
"1998/07/25";4126,86
"1998/08/01";3910,122
"1998/08/08";4006,567893
"1998/08/15";4096,881893
"1998/08/22";4135,511893
"1998/08/29";4030,476893
"1998/09/05";3364,477482
"1998/09/12";3831,613482
"1998/09/19";4208,931482
"1998/09/26";3724,583482
"1998/10/03";3577,101482
"1998/10/10";3601,381552
"1998/10/17";3421,132552
"1998/10/24";2931,774552
"1998/10/31";3030,609552
"1998/11/07";3094,161517
"1998/11/14";3164,024517
"1998/11/21";3063,370517
"1998/11/28";3297,128517
"1998/12/05";2852,321317
"1998/12/12";2557,627317
"1998/12/19";2427,968317
"1998/12/26";2558,885317
"1998/12/31";2319,566317
"1999/01/08";2918,917542
"1999/01/15";2973,048542
"1999/01/22";2639,409542
"1999/01/29";2761,341542
"1999/02/05";2930,954126
"1999/02/12";3095,981126
"1999/02/19";3188,694126
"1999/02/26";2511,613126
"1999/03/05";2789,53706
"1999/03/12";2636,95806
"1999/03/19";2899,91006
"1999/03/26";2712,40506
"1999/04/02";2978,67406
"1999/04/09";2506,542007
"1999/04/16";2867,674007
"1999/04/23";2860,867007
"1999/04/30";2996,309007
"1999/05/07";2495,836281
"1999/05/14";2985,358281
"1999/05/21";2956,755281
"1999/05/28";3080,768281
"1999/06/04";2695,698506244
"1999/06/11";2788,405506244
"1999/06/18";2793,181506244
"1999/06/25";2925,945506244
"1999/07/02";2627,696506244
"1999/07/09";2924,706644
"1999/07/16";2557,675644
"1999/07/23";2973,544644
"1999/07/30";2684,155644
"1999/08/06";2794,189323
"1999/08/13";2696,745323
"1999/08/20";2689,806323
"1999/08/27";3134,699323
"1999/09/03";2588,860982
"1999/09/10";2903,699982
"1999/09/17";2845,952982
"1999/09/24";2712,703101
"1999/10/01";3067,980748
"1999/10/08";2782,113282
"1999/10/15";2934,944371
"1999/10/22";3005,599756
"1999/10/29";3236,949497
"1999/11/05";2509,91287
"1999/11/12";2862,00688
"1999/11/19";2879,944018
"1999/11/26";2807,125277
"1999/12/03";3006,763746218
"1999/12/10";2996,133795218
"1999/12/17";2804,234500218
"1999/12/24";3273,265476218
"1999/12/31";3702,540240218
"2000/01/07";2670,46363481544
"2000/01/14";2959,64471681544
"2000/01/21";2724,77390381544
"2000/01/28";2935,20170381544
"2000/02/04";2574,536628316
"2000/02/11";2742,535169316
"2000/02/18";2972,398019316
"2000/02/25";2985,286317316
"2000/03/03";2665,819643316
"2000/03/10";2674,809313526
"2000/03/17";2762,335966526
"2000/03/24";3077,785959526
"2000/03/31";2210,408470526
"2000/04/07";2803,4136014
"2000/04/14";2873,0099854
"2000/04/21";3208,4468824
"2000/04/28";2524,0144764
"2000/05/05";2836,3883162
"2000/05/12";2773,8980742
"2000/05/19";3112,9073292
"2000/05/26";2556,4315422
"2000/06/02";2651,1302542
"2000/06/09";2761,967806286
"2000/06/16";2951,627087286
"2000/06/23";2736,278964286
"2000/06/30";2852,323995286
"2000/07/07";2844,65368035818
"2000/07/14";2919,94746935818
"2000/07/21";2982,05355335818
"2000/07/28";2814,86760435818
"2000/08/04";2825,828819032
"2000/08/11";2771,046673032
"2000/08/18";2849,285089032
"2000/08/25";2942,791393032
"2000/09/01";2522,395055032
"2000/09/08";2832,04583364625
"2000/09/15";2842,17024764625
"2000/09/22";3100,58775964625
"2000/09/29";2341,18195364625
"2000/10/06";2873,302899378
"2000/10/13";3008,645629358
"2000/10/20";3284,699381408
"2000/10/27";2438,195335648
"2000/11/03";2738,7685454059
"2000/11/10";2904,6597166159
"2000/11/17";2984,0329824459
"2000/11/24";2568,1264521059
"2000/12/01";2792,3728930459
"2000/12/08";2945,0963718705
"2000/12/15";3326,4639352005
"2000/12/22";3019,3662534505
"2000/12/29";3434,3023364105
"2001/01/05";3057,71377759849
"2001/01/12";3115,62807222849
"2001/01/19";3042,41204075849
"2001/01/26";3043,22468487849
"2001/02/02";3054,12494917849
"2001/02/09";2960,360498562
"2001/02/16";2975,532471122
"2001/02/23";3311,724089992
"2001/03/02";2520,201823002
"2001/03/09";2891,406970134
"2001/03/16";2910,238972684
"2001/03/23";3163,801690344
"2001/03/30";2555,502014834
"2001/04/06";2915,755831078
"2001/04/13";3288,757416808
"2001/04/20";2812,349525568
"2001/04/27";2877,190647958
"2001/05/04";2702,257175535
"2001/05/11";3096,924103615
"2001/05/18";2913,701940145
"2001/05/25";2953,579996775
"2001/06/01";3020,926919465
"2001/06/08";3055,346995574
"2001/06/15";3140,688657524
"2001/06/22";2925,140592914
"2001/06/29";2971,808301144
"2001/07/06";2959,637755198
"2001/07/13";3068,700318198
"2001/07/20";2978,041351198
"2001/07/27";3145,523462198
"2001/08/03";2788,872462344
"2001/08/10";2880,227449344
"2001/08/17";2875,349486344
"2001/08/24";3154,551918344
"2001/08/31";2627,945095344
"2001/09/07";2773,259265001
"2001/09/14";3102,992868701
"2001/09/21";3008,048830411
"2001/09/28";2730,896741791
"2001/10/05";2874,15933157
"2001/10/12";3114,69965015
"2001/10/19";3076,39305723
"2001/10/26";2796,10411339
"2001/11/02";2739,3820757
"2001/11/09";3039,51401814
"2001/11/16";2758,71796729
"2001/11/23";2803,95150978
"2001/11/30";2972,30255322
"2001/12/07";2884,926188582
"2001/12/14";3587,029711942
"2001/12/21";3162,812150912
"2001/12/28";3298,471718142
"2002/01/04";3250,398276202
"2002/01/11";3296,239031182
"2002/01/18";3393,691434322
"2002/01/25";3586,497804552
"2002/02/01";2871,867724272
"2002/02/08";3096,344951921
"2002/02/15";3147,768199861
"2002/02/22";3520,782497191
"2002/03/01";2891,333191041
"2002/03/08";3022,852013916
"2002/03/15";3349,507258146
"2002/03/22";3286,118302506
"2002/03/29";3094,410046716
"2002/04/05";3123,37910326
"2002/04/12";3184,18306122
"2002/04/19";3232,03911748
"2002/04/26";2949,91177007
"2002/05/03";3385,35823429
"2002/05/10";3298,882472922
"2002/05/17";3252,806037972
"2002/05/24";3271,878034482
"2002/05/31";2905,836554502
"2002/06/07";3499,881886673
"2002/06/14";3255,835526913
"2002/06/21";3520,716690303
"2002/06/28";3138,022423513
"2002/07/05";3709,358336797
"2002/07/12";3336,800300967
"2002/07/19";3657,417264897
"2002/07/26";3711,224934427
"2002/08/02";3137,661940567
"2002/08/09";3136,151189714
"2002/08/16";3490,256220294
"2002/08/23";3667,906859064
"2002/08/30";3119,116599674
"2002/09/06";3266,67323216
"2002/09/13";3372,28691906
"2002/09/20";3595,21945845
"2002/09/27";3219,93131809
"2002/10/04";3463,18615416
"2002/10/11";3781,12963644
"2002/10/18";3489,07496479
"2002/10/25";3725,02287497
"2002/11/01";3514,49969388
"2002/11/08";3505,324097019
"2002/11/15";3290,611681719
"2002/11/22";3636,369054459
"2002/11/29";3402,066130079
"2002/12/06";3660,119371209
"2002/12/13";3802,053556669
"2002/12/20";3767,983646729
"2002/12/27";4113,898831329
"2003/01/03";3646,66180285
"2003/01/10";3948,30968597
"2003/01/17";3654,81610557
"2003/01/24";3779,60766346
"2003/01/31";3461,8996263
"2003/02/07";3694,35458406905
"2003/02/14";3889,74308321905
"2003/02/21";3772,83963660905
"2003/02/28";3409,07763363905
"2003/03/07";3484,570720488
"2003/03/14";4021,455809828
"2003/03/21";3785,408588408
"2003/03/28";3518,474248348
"2003/04/04";3543,855806747
"2003/04/11";4259,352815307
"2003/04/18";3999,279013527
"2003/04/25";3603,623594257
"2003/05/02";3772,45395078
"2003/05/09";3909,80520033
"2003/05/16";3389,62017748
"2003/05/23";3578,1523791
"2003/05/30";3549,69839919
"2003/06/06";4165,5503217
"2003/06/13";3770,04546224
"2003/06/20";3797,98587222
"2003/06/27";3485,56572595
"2003/07/04";4071,07120419
"2003/07/11";3848,17053896
"2003/07/18";4060,4830691
"2003/07/25";3966,64146112
"2003/08/01";3795,42359242
"2003/08/08";3809,61760327
"2003/08/15";3988,99057093
"2003/08/22";3644,48732746
"2003/08/29";3528,42113268
"2003/09/05";3925,30305206
"2003/09/12";3991,52036314
"2003/09/19";3972,11658894
"2003/09/26";3728,10352095
"2003/10/03";4158,62112514
"2003/10/10";3983,32068898
"2003/10/17";3959,08876373
"2003/10/24";3707,19971298
"2003/10/31";3766,12410005
"2003/11/07";3900,74261752
"2003/11/14";3779,58307667
"2003/11/21";4150,5985504
"2003/11/28";3763,68745738
"2003/12/05";4628,96574803
"2003/12/12";4457,70259801
"2003/12/19";4331,55462426
"2003/12/26";4488,92047371
"2004/01/02";4143,88279281
"2004/01/09";4329,57830915
"2004/01/16";3991,23761421
"2004/01/23";4207,22338591
"2004/01/30";3723,44552259
"2004/02/06";3952,98417677
"2004/02/13";4582,52515046
"2004/02/20";4107,16632253
"2004/02/27";3806,52622212
"2004/03/05";4046,74940481
"2004/03/12";4276,60765672
"2004/03/19";4248,90142453
"2004/03/26";3666,09440448
"2004/04/02";4346,42458855
"2004/04/09";4355,65748882
"2004/04/16";4669,34890344
"2004/04/23";3993,71008044
"2004/04/30";3814,8027302
"2004/05/07";4825,95887144
"2004/05/14";4196,20500472
"2004/05/21";4330,60304642
"2004/05/28";4203,96126093
"2004/06/04";4272,1989901
"2004/06/11";4626,55731566
"2004/06/18";4290,87781459
"2004/06/25";4595,2456317
"2004/07/02";4383,65437661
"2004/07/09";4244,4045081
"2004/07/16";4181,70183311
"2004/07/23";4654,85187562
"2004/07/30";3968,90380244
"2004/08/06";4242,94856441
"2004/08/13";4906,75871339
"2004/08/20";4516,003289
"2004/08/27";4007,6699569
"2004/09/03";4346,28404839
"2004/09/10";4263,29697393
"2004/09/17";4321,89111771
"2004/09/24";4338,71881026
"2004/10/01";4205,10375909
"2004/10/08";4429,62228008
"2004/10/15";4341,55750238
"2004/10/22";4462,11879844
"2004/10/29";4414,24837134
"2004/11/05";4508,30429025
"2004/11/12";4828,20228255
"2004/11/19";4298,34138434
"2004/11/26";4245,80337305
"2004/12/03";5216,31802144
"2004/12/10";5232,22618024
"2004/12/17";4864,47768186
"2004/12/24";5166,85860119
"2004/12/31";5424,02565808
"2005/01/07";4830,2191577
"2005/01/14";4624,62370576
"2005/01/21";5285,9110182
"2005/01/28";4701,95783568
"2005/02/04";4966,3233275
"2005/02/11";5014,5510978
"2005/02/18";5368,9666043
"2005/02/25";4560,65510698
"2005/03/04";4478,55018126
"2005/03/11";5759,54826379
"2005/03/18";5392,21249702
"2005/03/25";5444,81544036
"2005/04/01";4967,33520646
"2005/04/08";5373,04590471
"2005/04/15";5494,54428259
"2005/04/22";5296,04766697
"2005/04/29";4905,43310731
"2005/05/06";5473,99750819
"2005/05/13";4711,63687299
"2005/05/20";5576,4043631
"2005/05/27";5771,40001385
"2005/06/03";5020,51383137
"2005/06/10";5839,21402196
"2005/06/17";4851,65799513
"2005/06/24";5282,00945258
"2005/07/01";5492,30321047
"2005/07/08";5465,476009
"2005/07/15";5562,15746779
"2005/07/22";5559,85212122
"2005/07/29";4461,24081678
"2005/08/05";5135,95839568
"2005/08/12";5254,70191177
"2005/08/19";5360,64048069
"2005/08/26";5094,06206716
"2005/09/02";4923,05973022
"2005/09/09";6948,36573539
"2005/09/16";5288,26522392
"2005/09/23";5394,78332333
"2005/09/30";4656,57025679
"2005/10/07";5652,46007104
"2005/10/14";5699,14838102
"2005/10/21";5287,33331604
"2005/10/28";4855,98828852
"2005/11/04";5864,78113135
"2005/11/11";5840,93374557
"2005/11/18";5563,9942066
"2005/11/25";6027,7088638
"2005/12/02";5882,25747551
"2005/12/09";6351,02666388
"2005/12/16";5804,27611476
"2005/12/23";7055,94560703
"2005/12/30";6495,15313998
"2006/01/06";5668,53047743
"2006/01/13";6952,52581955
"2006/01/20";6276,65231134
"2006/01/27";5448,70160562
"2006/02/03";5580,17992894
"2006/02/10";6048,22586319
"2006/02/17";5933,2504984
"2006/02/24";5789,19021757
"2006/03/03";6223,61291654
"2006/03/10";5795,78223798
"2006/03/17";5920,42204343
"2006/03/24";5809,67682105
"2006/03/31";5669,43482395
"2006/04/07";7392,81613805
"2006/04/14";5603,98817603
"2006/04/21";5825,99797561
"2006/04/28";6420,22426217
"2006/05/05";5772,02797835
"2006/05/12";6406,95061099
"2006/05/19";6475,84389758
"2006/05/26";5879,60611471
"2006/06/02";6422,08785889
"2006/06/09";6712,00558505
"2006/06/16";6139,17043863
"2006/06/23";7000,06352963
"2006/06/30";5344,56597863
"2006/07/07";6536,25169511
"2006/07/14";6112,99561155
"2006/07/21";6367,24262022
"2006/07/28";5164,21340613
"2006/08/04";6902,24154426
"2006/08/11";6597,80561429
"2006/08/18";7090,21578983
"2006/08/25";6139,12345926
"2006/09/01";7408,40026272
"2006/09/08";6065,43186352
"2006/09/15";6452,92866646
"2006/09/22";6827,34264898
"2006/09/29";6404,25720322
"2006/10/06";6140,85050214
"2006/10/13";6917,87820561
"2006/10/20";6264,17903608
"2006/10/27";6419,55762691
"2006/11/03";6705,74856393
"2006/11/10";6997,02227307
"2006/11/17";6806,09772869
"2006/11/24";7254,54015881
"2006/12/01";6358,68039541
"2006/12/08";6677,32272068
"2006/12/15";7426,73297966
"2006/12/22";7580,12858831
"2006/12/29";6955,29314573
"2007/01/05";7296,3408133
"2007/01/12";7036,63734527
"2007/01/19";7748,82230226
"2007/01/26";6381,83810141
"2007/02/02";7781,64305984
"2007/02/09";7595,7461139
"2007/02/16";7414,71293273
"2007/02/23";6439,54344192
"2007/03/02";6870,95145668
"2007/03/09";7468,02852138
"2007/03/16";7282,32290244
"2007/03/23";7932,92508738
"2007/03/30";8902,58533546
"2007/04/06";6421,61089777
"2007/04/13";6574,98495288
"2007/04/20";7185,40918291
"2007/04/27";7431,13558337
"2007/05/04";6478,59178078
"2007/05/11";7150,62707982
"2007/05/18";7019,58610947
"2007/05/25";7374,2491695
"2007/06/01";7304,37548567
"2007/06/08";8001,20640338
"2007/06/15";8027,2398624
"2007/06/22";8711,0397805
"2007/06/29";8417,42198691
"2007/07/06";7933,34443848
"2007/07/13";7284,79303908
"2007/07/20";7889,4843383
"2007/07/27";6773,43800796
"2007/08/03";8576,34137357
"2007/08/10";7723,29240175
"2007/08/17";8119,38969548
"2007/08/24";8331,26687172
"2007/08/31";7222,60337577
"2007/09/07";8344,11084228
"2007/09/14";7527,938146
"2007/09/21";7574,76581428
"2007/09/28";8098,27169768
"2007/10/05";7206,1789623
"2007/10/12";8753,5951613
"2007/10/19";8805,8621571
"2007/10/26";7929,21089747
"2007/11/02";8516,31447894
"2007/11/09";10384,79351362
"2007/11/16";6966,27796225
"2007/11/23";8316,59495496
"2007/11/30";9306,59469644
"2007/12/07";9335,96877234
"2007/12/14";9369,93539928
"2007/12/21";9959,85136824
"2007/12/28";10075,09749107
"2008/01/04";8712,59812361
"2008/01/11";9356,04609581
"2008/01/18";10630,86830167
"2008/01/25";8942,94657184
"2008/02/01";9169,44164591
"2008/02/08";10131,02757923
"2008/02/15";8792,43217545
"2008/02/22";10618,98276068
"2008/02/29";9509,9653295
"2008/03/07";9614,43770172
"2008/03/14";8414,67605074
"2008/03/21";9877,8866679
"2008/03/28";9365,00973199
"2008/04/04";9395,46957403
"2008/04/11";10996,42604821
"2008/04/18";9539,4200485
"2008/04/25";10091,18132091
"2008/05/02";9973,60747617
"2008/05/09";9807,23519659
"2008/05/16";9389,36974653
"2008/05/23";10455,9614122
"2008/05/30";8767,0047272
"2008/06/06";9179,44721208
"2008/06/13";9583,10632129
"2008/06/20";9866,79610278
"2008/06/27";9743,17043892
"2008/07/04";9576,82094483
"2008/07/11";9411,28789756
"2008/07/18";10426,74122478
"2008/07/25";9196,36862099
"2008/08/01";9076,22329432
"2008/08/08";9213,69375845
"2008/08/15";9664,85713649
"2008/08/22";10556,97490022
"2008/08/29";8955,03651253
"2008/09/05";11365,53049549
"2008/09/12";12756,75535816
"2008/09/19";11546,34745279
"2008/09/26";11845,43934535
"2008/10/03";12309,05930539
"2008/10/10";12633,368637
"2008/10/17";12412,57469868
"2008/10/24";11478,51224666
"2008/10/31";12194,38581806
"2008/11/07";12020,78804857
"2008/11/14";12363,95876907
"2008/11/21";12534,00595752
"2008/11/28";12454,59919682
"2008/12/05";12815,56985536
"2008/12/12";12897,80546586
"2008/12/19";10787,45639552
"2008/12/26";12832,2297994
"2009/01/02";11580,70097644
"2009/01/09";11508,50650092
"2009/01/16";12423,82094149
"2009/01/23";11686,11719836
"2009/01/30";11216,58854609
"2009/02/06";11981,79248043
"2009/02/13";12471,73585807
"2009/02/20";11512,8578706
"2009/02/27";11929,44861121
"2009/03/06";10650,33643211
"2009/03/13";12462,10791623
"2009/03/20";11733,50361324
"2009/03/27";11580,73979796
"2009/04/03";11120,41108629
"2009/04/10";11504,26171547
"2009/04/17";11557,53394797
"2009/04/24";12511,43762782
"2009/05/01";10563,80401455
"2009/05/08";11860,37595692
"2009/05/15";11621,86156671
"2009/05/22";12155,82409104
"2009/05/29";10002,17303439
"2009/06/05";12005,38421331
"2009/06/12";11359,25104405
"2009/06/19";11961,64819452
"2009/06/26";11478,6183108
"2009/07/03";11792,33055455
"2009/07/10";14209,4156679
"2009/07/17";12364,42907125
"2009/07/24";11809,08925609
"2009/07/31";12391,13015449
"2009/08/07";12615,86029521
"2009/08/14";13103,58976602
"2009/08/21";11766,34083166
"2009/08/28";12088,04329227
"2009/09/04";12539,90957082
"2009/09/11";12492,00459397
"2009/09/18";12236,24886837
"2009/09/25";12560,98710467
"2009/10/02";11284,53970744
"2009/10/09";12890,30543621
"2009/10/16";11627,9224546
"2009/10/23";12572,28101805
"2009/10/30";12426,51085223
"2009/11/06";12658,02179073
"2009/11/13";12224,03177828
"2009/11/20";13091,83492739
"2009/11/27";12992,17199876
"2009/12/04";13640,24174487
"2009/12/11";11960,21824193
"2009/12/18";13488,96837084
"2009/12/25";12671,30014373
"2010/01/01";13755,77534907
"2010/01/08";12358,28485709
"2010/01/15";14384,539175
"2010/01/22";12642,48703384
"2010/01/29";14311,58196953
"2010/02/05";12071,86333706
"2010/02/12";14072,52725985
"2010/02/19";13361,08901049
"2010/02/26";14170,90650137
"2010/03/05";12316,52565744
"2010/03/12";13022,80288402
"2010/03/19";13460,38547555
"2010/03/26";13705,41027276
"2010/04/02";12896,64554866
"2010/04/09";12760,0276017
"2010/04/16";13979,13046661
"2010/04/23";14249,11161396
"2010/04/30";12014,73244105
"2010/05/07";14070,64715595
"2010/05/14";14154,94712216
"2010/05/21";13866,87101194
"2010/05/28";12911,91519638
"2010/06/04";13923,79121489
"2010/06/11";12826,36459003
"2010/06/18";14036,20954978
"2010/06/25";11819,89631052
"2010/07/02";13464,86997949
"2010/07/09";12862,57782147
"2010/07/16";14050,13675528
"2010/07/23";13202,47177183
"2010/07/30";12956,15347547
"2010/08/06";13623,90386287
"2010/08/13";13719,02812357
"2010/08/20";13825,81043432
"2010/08/27";13648,87716798
"2010/09/03";13393,1657687
"2010/09/10";14192,46073858
"2010/09/17";14142,35435694
"2010/09/24";14262,02309966
"2010/10/01";12435,49053849
"2010/10/08";14058,90678925
"2010/10/15";13788,21337768
"2010/10/22";14027,46611739
"2010/10/29";14128,2255015
"2010/11/05";14040,20081207
"2010/11/12";14440,52673419
"2010/11/19";14445,34673264
"2010/11/26";14522,24750118
"2010/12/03";13847,34054241
"2010/12/10";14931,8630405
"2010/12/17";15837,25794135
"2010/12/24";13944,74135268
"2010/12/31";15105,48204261
"2011/01/07";14372,86477653
"2011/01/14";15893,32727596
"2011/01/21";14009,69075579
"2011/01/28";15141,94349466
"2011/02/04";14756,44563876
"2011/02/11";14373,55199376
"2011/02/18";15862,69310773
"2011/02/25";16895,17397825
"2011/03/04";14361,85827458
"2011/03/11";15492,70177007
"2011/03/18";15288,36227656
"2011/03/25";16038,74951968
"2011/04/01";13982,38185777
"2011/04/08";15277,2076764
"2011/04/15";15351,51020881
"2011/04/22";16793,89314142
"2011/04/29";14187,40727421
"2011/05/06";14992,19359728
"2011/05/13";15863,20827456
"2011/05/20";15641,68285053
"2011/05/27";14410,34765959
"2011/06/03";15319,32712458
"2011/06/10";15155,53740029
"2011/06/17";16922,44652263
"2011/06/24";13932,23187306
"2011/07/01";15781,75132511
"2011/07/08";15595,60323469
"2011/07/15";16342,11432202
"2011/07/22";15527,76458969
"2011/07/29";16275,51680199
"2011/08/05";15413,71321765
"2011/08/12";16354,21541697
"2011/08/19";14337,43513641
"2011/08/26";15618,76155954
"2011/09/02";16498,7271226
"2011/09/09";16211,97272789
"2011/09/16";15079,76100669
"2011/09/23";17021,68373659
"2011/09/30";14981,34003282
"2011/10/07";16494,64626325
"2011/10/14";15863,33782082
"2011/10/21";17012,5294874
"2011/10/28";15072,77309124
"2011/11/04";15815,98157799
"2011/11/11";16363,27688788
"2011/11/18";17164,07432075
"2011/11/25";15020,03394937
"2011/12/02";15763,90465018
"2011/12/09";17547,73553749
"2011/12/16";16839,4435217
"2011/12/23";16353,56471944
"2011/12/30";17940,05823614
"2012/01/06";16227,36724211
"2012/01/13";16952,87386122
"2012/01/20";18185,21270799
"2012/01/27";17570,82386521
"2012/02/03";16126,3244708
"2012/02/10";17535,69007409
"2012/02/17";16512,49405542
"2012/02/24";18033,30204186
"2012/03/02";16491,30627358
"2012/03/09";17484,11474161
"2012/03/16";17629,08266093
"2012/03/23";18767,88540656
"2012/03/30";16321,79009959
"2012/04/06";17403,26181787
"2012/04/13";17094,44181341
"2012/04/20";20388,49092191
"2012/04/27";15808,88825827
"2012/05/04";17721,48346215
"2012/05/11";18642,91641267
"2012/05/18";18161,96088946
"2012/05/25";16122,97816291
"2012/06/01";17439,74950732
"2012/06/08";17046,61208329
"2012/06/15";19356,97226791
"2012/06/22";16995,74930051
"2012/06/29";18829,21167499
"2012/07/06";17333,21553635
"2012/07/13";19152,98295707
"2012/07/20";16887,64218091
"2012/07/27";18919,45478661
"2012/08/03";16467,51346418
"2012/08/10";18277,58646708
"2012/08/17";16996,03562724
"2012/08/24";18705,65315978
"2012/08/31";16381,61271283
"2012/09/07";17484,34944911
"2012/09/14";16801,69929154
"2012/09/21";18937,94582303
"2012/09/28";17327,74540003
"2012/10/05";18420,4674715
"2012/10/12";17334,79174871
"2012/10/19";17828,38831734
"2012/10/26";17922,24772889
"2012/11/02";18581,79258621
"2012/11/09";17701,86010882
"2012/11/16";18772,65434045
"2012/11/23";18484,72362165
"2012/11/30";17911,56181566
"2012/12/07";18802,02846162
"2012/12/14";19588,73959696
"2012/12/21";19843,59565548
"2012/12/28";21764,45923819
"2013/01/04";18382,78765201
"2013/01/11";19949,58938231
"2013/01/18";19368,03643356
"2013/01/25";20012,96445774
"2013/02/01";17601,28399741
"2013/02/08";20142,84684249
"2013/02/15";18951,79787809
"2013/02/22";21146,85472902
"2013/03/01";18213,32245926
"2013/03/08";19517,0076877
"2013/03/15";19547,85107485
"2013/03/22";22066,62656249
"2013/03/29";18473,77053347
"2013/04/05";19675,98797513
"2013/04/12";19881,20220873
"2013/04/19";21649,85413267
"2013/04/26";19385,68330492
"2013/05/03";21136,12613052
"2013/05/10";20626,78549862
"2013/05/17";21307,85607983
"2013/05/24";19780,99777809
"2013/05/31";21403,2563501
"2013/06/07";20124,1793338
"2013/06/14";21113,41497613
"2013/06/21";20849,52694764
"2013/06/28";21330,6559189
"2013/07/05";20399,03546244
"2013/07/12";21877,81234894
"2013/07/19";20969,4149105
"2013/07/26";22100,73878419
"2013/08/02";20029,40517539
"2013/08/09";22529,42879446
"2013/08/16";20651,43730481
"2013/08/23";23226,53675423
"2013/08/30";20432,40493829
"2013/09/06";22120,36189591
"2013/09/13";22188,10570893
"2013/09/20";24354,77242218
"2013/09/27";20914,65005362
"2013/10/04";22781,154738
"2013/10/11";21325,17538888
"2013/10/18";23204,46577787
"2013/10/25";22072,96178609
"2013/11/01";22532,34537248
"2013/11/08";21896,3612673
"2013/11/15";23154,33639851
"2013/11/22";21653,66939733
"2013/11/29";22914,44530593
"2013/12/06";21575,89174449
"2013/12/13";23029,11985829
"2013/12/20";22734,67093094
"2013/12/27";25004,73953898
"2014/01/03";21552,84110002
"2014/01/10";23820,49096775
"2014/01/17";22965,30333586
"2014/01/24";24613,64529987
"2014/01/31";22748,71011192
"2014/02/07";23087,16749905
"2014/02/14";23757,9050137
"2014/02/21";25795,49935523
"2014/02/28";22851,0892085
"2014/03/07";23642,46450181
"2014/03/14";24271,19326031
"2014/03/21";24671,5599282
"2014/03/28";23896,13120191
"2014/04/04";23328,45813225
"2014/04/11";25790,40366625
"2014/04/18";24592,216515
"2014/04/25";24105,50919194
"2014/05/02";24004,23039226
"2014/05/09";25292,56555466
"2014/05/16";25703,50284184
"2014/05/23";23471,55086707
"2014/05/30";25364,20287021
"2014/06/06";23024,89841949
"2014/06/13";24819,08509482
"2014/06/20";24246,22630186
"2014/06/27";25213,77291324
"2014/07/04";23965,62527484
"2014/07/11";24806,07769946
"2014/07/18";24077,26558033
"2014/07/25";24120,54903771
"2014/08/01";24737,10913789
"2014/08/08";25014,88777561
"2014/08/15";23664,73469013
"2014/08/22";25513,78059489
"2014/08/29";23914,14214891
"2014/09/05";24010,99238019
"2014/09/12";28452,03040229
"2014/09/19";23526,6603755
"2014/09/26";26699,47209709
"2014/10/03";23838,59302063
"2014/10/10";24889,42180862
"2014/10/17";24167,81887833
"2014/10/24";25238,04122225
"2014/10/31";24259,56570365
"2014/11/07";24055,63323135
"2014/11/14";23045,03746425
"2014/11/21";26249,05247746
"2014/11/28";25826,424309
"2014/12/05";24934,44711817
"2014/12/12";24390,1232176
"2014/12/19";25911,71827054
"2014/12/26";24722,42008783
"2015/01/02";25132,14180011
"2015/01/09";26245,93965365
"2015/01/16";23206,40124836
"2015/01/23";26151,62071736
"2015/01/30";25325,02300988
"2015/02/06";26930,51065416
"2015/02/13";22608,73684846
"2015/02/20";25435,94746224
"2015/02/27";25209,74253074
"2015/03/06";24716,53287352
"2015/03/13";24595,27449358
"2015/03/20";25660,56650166
"2015/03/27";24298,27522969
"2015/04/03";25134,54979109
"2015/04/10";25883,21250634
"2015/04/17";26184,63049494
"2015/04/24";25175,00493525
"2015/05/01";26995,68715768
"2015/05/08";24560,79911249
"2015/05/15";25540,47890462
"2015/05/22";25535,23490643
"2015/05/29";26233,06587551
"2015/06/05";24471,82021854
"2015/06/12";28320,95321741
"2015/06/19";23409,26394864
"2015/06/26";27575,80836855
"2015/07/03";26266,32610902
"2015/07/10";25887,57943447
"2015/07/17";25081,56929067
"2015/07/24";27697,18591783
"2015/07/31";24576,45084427
"2015/08/07";25464,16614506
"2015/08/14";25848,47246064
"2015/08/21";27259,3490919
"2015/08/28";25598,45404198
"2015/09/04";25544,45085456
"2015/09/11";27764,94925133
"2015/09/18";29068,00494185
"2015/09/25";26858,74918429
"2015/10/02";28663,15214271
"2015/10/09";27137,34861971
"2015/10/16";28858,38200925
"2015/10/23";25878,89174309
"2015/10/30";32511,85867423
"2015/11/06";21607,57015453
"2015/11/13";28815,16926233
"2015/11/20";27558,00665777
"2015/11/27";29238,11241106
"2015/12/04";26579,1703918
"2015/12/11";28638,35576569
"2015/12/18";27113,45401043
"2015/12/25";30034,90280037
"2016/01/01";28434,95264539
"2016/01/08";30286,46032843
"2016/01/15";27494,83270924
"2016/01/22";31493,33636612
"2016/01/29";29296,83804204
"2016/02/05";30158,56129071
"2016/02/12";29144,64806597
"2016/02/19";31654,27740697
"2016/02/26";30566,93073602
"2016/03/04";29050,01912467
"2016/03/11";28432,24339964
"2016/03/18";29680,68042478
"2016/03/25";27246,75882069
"2016/04/01";28791,49411004
"2016/04/08";25305,58820192
"2016/04/15";30593,4238658
"2016/04/22";26636,62436858
"2016/04/29";30105,2489625
"2016/05/06";27886,99299542
"2016/05/13";29954,1456531
"2016/05/20";28639,74921217
"2016/05/27";30928,55277133
"2016/06/03";26537,47460956
"2016/06/10";28783,72901594
"2016/06/17";26721,78295459
"2016/06/24";29921,11238581
"2016/07/01";25469,63201938
"2016/07/08";27520,65094455
"2016/07/15";27368,55004555
"2016/07/22";27302,14204449
"2016/07/29";27708,92912865
"2016/08/05";26548,41819797
"2016/08/12";27355,97407556
"2016/08/19";27116,15301611
"2016/08/26";27770,10026266
"2016/09/02";26555,62787112
"2016/09/09";26381,16137089
"2016/09/16";27313,05951916
"2016/09/23";27217,00643099
"2016/09/30";29816,60497584
"2016/10/07";27037,68069346
"2016/10/14";27860,14679251
"2016/10/21";26718,30218692
"2016/10/28";28072,73887349
"2016/11/04";24924,5639473
"2016/11/11";26853,85859875
"2016/11/18";26931,38433929
"2016/11/25";26686,37739281
"2016/12/02";25673,85549791
"2016/12/09";28761,80166248
"2016/12/16";26258,647791
"2016/12/23";28454,0144859
"2016/12/30";29171,61091704
"2017/01/06";28705,49901717
"2017/01/13";26806,66236366
"2017/01/20";29657,49913527
"2017/01/27";25537,19293836
"2017/02/03";26767,57054356
"2017/02/10";28333,92684747
"2017/02/17";28189,94799343
"2017/02/24";26659,34225036
"2017/03/03";26620,08586731
"2017/03/10";28516,83107655
"2017/03/17";28000,22452851
"2017/03/24";27290,83898545
"2017/03/31";31377,12130705
"2017/04/07";27489,48357367
"2017/04/14";28103,90760362
"2017/04/21";28357,61763862
"2017/04/28";29161,69317223
"2017/05/05";26580,98085321
"2017/05/12";26628,89549221
"2017/05/19";29404,48677737
"2017/05/26";28615,43379212
"2017/06/02";27487,33219326
"2017/06/09";26695,92976419
"2017/06/16";28869,86410172
"2017/06/23";27964,22904959
"2017/06/30";28852,62831846
"2017/07/07";27992,92236106
"2017/07/14";28560,09089285
"2017/07/21";29299,80639502
"2017/07/28";28277,15565994
"2017/08/04";27068,15690407
"2017/08/11";27448,29422971
"2017/08/18";28479,29207734
"2017/08/25";27840,06547949
"2017/09/01";28149,93279996
"2017/09/08";28894,91430117
"2017/09/15";30177,38483134
"2017/09/22";28396,67031504
"2017/09/29";29387,69909753
"2017/10/06";27477,12542066
"2017/10/13";27674,87357428
"2017/10/20";28481,64853838
"2017/10/27";28855,12238209
"2017/11/03";27700,66135101
"2017/11/10";28793,66423047
"2017/11/17";28652,27294134
"2017/11/24";28925,68966592
"2017/12/01";27620,14526395
"2017/12/08";28566,98917843
"2017/12/15";27815,79012304
"2017/12/22";28665,37388759
"2017/12/29";29313,37961225
"2018/01/05";28754,7777593574
"2018/01/12";29511,6589873522
"2018/01/19";30704,51045431
"2018/01/26";28531,05598921
"2018/02/02";29353,95012493
"2018/02/09";29291,55243355
"2018/02/16";29195,01307876
"2018/02/23";29791,09711768
"2018/03/02";27428,51942239
"2018/03/09";27103,95544946
"2018/03/16";29449,47440215
"2018/03/23";29704,23334375
"2018/03/30";30404,74055447
"2018/04/06";28450,06202167
"2018/04/13";28986,01267679
"2018/04/20";29061,179513
"2018/04/27";29875,81860591
"2018/05/04";30110,51040943
"2018/05/11";29742,11096882
"2018/05/18";28747,89726316
"2018/05/25";29753,38824433
"2018/06/01";28397,27152038
"2018/06/08";29210,55442621
"2018/06/15";29037,80171262
"2018/06/22";28741,00122169
"2018/06/29";29517,26368598
"2018/07/06";30762,67457638
"2018/07/13";29345,02305714
"2018/07/20";27962,17642442
"2018/07/27";29021,21701653
"2018/08/03";29500,24549582
"2018/08/10";29852,50519114
"2018/08/17";28805,0011982
"2018/08/24";30068,20247294
"2018/08/31";31613,62164681
"2018/09/07";29830,84923447
"2018/09/14";31045,4096867
"2018/09/21";29608,85512276
"2018/09/28";30742,0230545
"2018/10/05";29819,54097003
"2018/10/12";31930,64803844
"2018/10/19";27941,27668701
"2018/10/26";31418,33922965
"2018/11/02";27311,17306919
"2018/11/09";31263,36427874
"2018/11/16";27383,81679694
"2018/11/23";29596,38841821
"2018/11/30";30159,76011539
"2018/12/07";30969,49387122
"2018/12/14";31239,35714254
"2018/12/21";33224,00113237
"2018/12/28";33703,44313356
"2019/01/04";27959,41133655
"2019/01/11";31806,01139317
"2019/01/18";31171,37773454
"2019/01/25";32638,71012232
"2019/02/01";28941,44136565
"2019/02/08";31294,05270058
"2019/02/15";30252,49259876
"2019/02/22";31392,57490412
"2019/03/01";28530,07641354
"2019/03/08";31719,43599411
"2019/03/15";30181,5407642
"2019/03/22";31869,55420292
"2019/03/29";30722,94257003
"2019/04/05";31312,77083655
"2019/04/12";30220,2593191
"2019/04/19";33114,00580513
"2019/04/26";31085,73420677
"2019/05/03";31231,93421344
"2019/05/10";32702,36356139
"2019/05/17";32510,34225779
"2019/05/24";31981,06329819
"2019/05/31";33226,69079586
"2019/06/07";31944,33912977
"2019/06/14";33282,2051174
"2019/06/21";31657,79041811
"2019/06/28";34055,5847413
"2019/07/05";30779,21952046
"2019/07/12";31606,41274719
"2019/07/19";32763,04645219
"2019/07/26";32187,14230729
"2019/08/02";30282,6867143
"2019/08/09";33642,08764869
"2019/08/16";29994,04418776
"2019/08/23";34384,41812952
"2019/08/30";30780,98374142
"2019/09/06";33500,51758793
"2019/09/13";31361,92075794
"2019/09/20";34336,55601591
"2019/09/27";31140,28827045
"2019/10/04";32880,58952537
"2019/10/11";32960,06166687
"2019/10/18";34988,64311349
"2019/10/25";29823,42190991
"2019/11/01";32110,54453194
"2019/11/08";31318,93670872
"2019/11/15";31792,25148172
"2019/11/22";32134,44728076
"2019/11/29";34274,18943473
"2019/12/06";32725,66426433
"2019/12/13";34624,32827478
"2019/12/20";34803,47271158
"2019/12/27";35055,90421318
"2020/01/03";35087,68824834
"2020/01/10";35616,35587173
"2020/01/17";32123,2960792
"2020/01/24";34377,71910185
"2020/01/31";32969,02640554
"2020/02/07";33954,95731543
"2020/02/14";32063,47235854
"2020/02/21";34470,28039777
"2020/02/28";33025,9084238
"2020/03/06";34281,55577232
"2020/03/13";38777,79252098
"2020/03/20";41666,22494414
"2020/03/27";35177,069414
"2020/04/03";37020,88313175
"2020/04/10";37502,27731401
"2020/04/17";40062,80013372
"2020/04/24";37575,97305793
"2020/05/01";40365,75782073
"2020/05/08";39236,80596812
"2020/05/15";31279,65698105
"2020/05/22";30126,87619443
"2020/05/29";31044,82975518
"2020/06/05";28798,64136236
"2020/06/12";31780,0388242
"2020/06/19";28834,85905648
"2020/06/26";30304,46397284
"2020/07/03";27715,29687301
"2020/07/10";30347,32035965
"2020/07/17";27924,44697819
"2020/07/24";32785,02760981
"2020/07/31";29287,87744503
"2020/08/07";30024,16930698
"2020/08/14";28775,76967455
"2020/08/21";28777,46096729
"2020/08/28";29098,99854967
"2020/09/04";28446,67538006
"2020/09/11";29662,46529335
"2020/09/18";29607,36621958
"2020/09/25";28081,0653565
"2020/10/02";27515,43069953
"2020/10/09";30250,9684637
"2020/10/16";29254,85725025
"2020/10/23";28454,1682625
"2020/10/30";30433,63803141
"2020/11/06";25816,69185615
"2020/11/13";29849,15362361
"2020/11/20";30441,64485559
"2020/11/27";30236,2915751
"2020/12/04";29183,53775957
"2020/12/11";30470,11248552
"2020/12/18";31036,16459297
"2020/12/25";31634,47551899
"2021/01/01";37800,13187311
"2021/01/08";28801,37738455
"2021/01/15";30723,73811872
"2021/01/22";31547,89045211
"2021/01/29";31675,66078871
"2021/02/05";31019,818273
"2021/02/12";31002,50128797
"2021/02/19";30157,12146324
"2021/02/26";32412,21011841
"2021/03/05";30910,93319546
"2021/03/12";28807,52566573
"2021/03/19";30842,11767044
"2021/03/26";32137,70615348
"2021/04/02";29463,35840213
"2021/04/09";32967,0952394
"2021/04/16";29839,610356
"2021/04/23";32253,08323158
"2021/04/30";33027,95524147
"2021/05/07";33665,33224477
"2021/05/14";31667,69886646
"2021/05/21";32064,95774419
"2021/05/28";31415,34959616
"2021/06/04";30918,21586302
"2021/06/11";32194,38303951
"2021/06/18";32311,13661215
"2021/06/25";31781,43701086
"2021/07/02";32516,32166133
"2021/07/09";32166,45102626
"2021/07/16";32166,71843797
"2021/07/23";32431,05219821
"2021/07/30";32194,53384336
"2021/08/06";35230,47178464
"2021/08/13";31405,74825242